MTS,OPEN,CLOSE,HIGH,LOW,VOLUME
2018-12-14 00:00:00,3357.7,3359.5,3360,3357.7,15.39192932
2018-12-14 00:01:00,3359.6,3360,3360,3359.6,3.66301622
2018-12-14 00:02:00,3359.93462205,3360,3360,3359.9,10.7735343
2018-12-14 00:03:00,3360,3360.9,3360.9,3360,11.60162692
2018-12-14 00:04:00,3361,3361,3361,3360.9,5.01199665
2018-12-14 00:05:00,3360.9,3361,3361,3360.9,5.004
2018-12-14 00:06:00,3360.98949329,3361.3,3361.3,3360.98949329,0.041963
2018-12-14 00:07:00,3361.3,3361.21664857,3361.3,3361.21664857,0.18184371
2018-12-14 00:08:00,3361.3,3362.8,3363.7,3361.3,6.573586
2018-12-14 00:09:00,3362.8,3362.7,3362.8,3362.7,0.41099069
2018-12-14 00:10:00,3362.7,3362.7,3362.8,3362.7,2.14826163
2018-12-14 00:11:00,3362.7,3362.7,3362.8,3362.4,9.69884765
2018-12-14 00:12:00,3362.6,3362.3,3363,3362,8.23146316
2018-12-14 00:13:00,3362.9,3362.5,3363,3361.8,2.166038
2018-12-14 00:14:00,3361.9,3360.8,3363,3353.1,88.35691071
2018-12-14 00:15:00,3360.8,3367.4,3370.1,3360.8,60.19188973
2018-12-14 00:16:00,3366.0960142,3366.0960142,3366.1,3366,5.81175726
2018-12-14 00:17:00,3366.0960142,3366,3366.1,3366,4.46130538
2018-12-14 00:18:00,3366.1,3366.1,3366.1,3366.1,2.72567236
2018-12-14 00:19:00,3366.0960142,3366.1,3366.1,3366.0960142,3.66566998
2018-12-14 00:20:00,3366,3366,3366,3366,1.275179
2018-12-14 00:21:00,3366,3365.9,3366.1,3364.6,3.22636191
2018-12-14 00:22:00,3365.9,3364.6,3365.9,3364.6,0.46934117
2018-12-14 00:23:00,3364.7,3364.7,3364.7,3364.7,2.23663143
2018-12-14 00:24:00,3364.7,3379.8,3379.8,3364.7,178.55084241
2018-12-14 00:25:00,3379.5,3373.2,3387,3373.2,176.32048321
2018-12-14 00:26:00,3375.1,3374.6,3376.2,3373.3,2.7030799
2018-12-14 00:27:00,3373.4,3373.20437505,3373.7158851,3373.2,3.19697639
2018-12-14 00:28:00,3373.2,3372.4,3373.2,3372.4,5.35481774
2018-12-14 00:29:00,3372.4,3371.8,3383.8,3371.8,76.57602037
2018-12-14 00:30:00,3372,3372,3372.3,3371.8,3.34603359
2018-12-14 00:31:00,3371.8,3371.8,3371.9,3371.8,8.73966686
2018-12-14 00:32:00,3371.8,3371,3371.84384626,3371,24.47596021
2018-12-14 00:33:00,3370.0180833,3370,3370.1,3370,3.12339202
2018-12-14 00:34:00,3370,3369.2,3370,3369.2,5.34253108
2018-12-14 00:35:00,3369.2,3369.3,3369.3,3369.2,7.39551391
2018-12-14 00:36:00,3369.2,3369.3,3369.3,3369.2,0.33257065
2018-12-14 00:37:00,3369.2,3369.1,3369.3,3369.1,1.70162016
2018-12-14 00:38:00,3369.1,3368,3369.1,3368,0.90965158
2018-12-14 00:39:00,3368.01326457,3369,3370,3367,16.45127658
2018-12-14 00:40:00,3368.6,3367.5,3369,3367.5,12.42539239
2018-12-14 00:41:00,3368,3368,3368,3368,2.07088
2018-12-14 00:42:00,3368,3368,3368.2,3368,3.85717928
2018-12-14 00:43:00,3368.01326457,3367.1,3370,3367.1,9.98140267
2018-12-14 00:44:00,3367.5,3367,3367.5,3367,0.4651868
2018-12-14 00:45:00,3367,3363.5,3367,3362,21.89278196
2018-12-14 00:46:00,3362.3,3361.04984441,3362.3,3360.14481584,3.39063129
2018-12-14 00:47:00,3361,3362.1,3362.1,3361,5.29719644
2018-12-14 00:48:00,3362.2,3364.1,3364.9,3362.1,18.60288964
2018-12-14 00:49:00,3364.1,3364.4,3366.3,3364.1,17.74880562
2018-12-14 00:50:00,3364.5,3364,3366,3364,14.18064665
2018-12-14 00:51:00,3364,3359.57917299,3364,3359.57917299,13.5141542
2018-12-14 00:52:00,3359.6,3353.2,3359.6,3352.8,19.80162973
2018-12-14 00:53:00,3353.2,3353.2,3354,3350.1,41.50040292
2018-12-14 00:54:00,3353.6,3353.7,3353.7,3353.6,1.59170657
2018-12-14 00:55:00,3353.6,3353.7,3353.7,3353.6,2.90347564
2018-12-14 00:56:00,3353.6,3352,3353.6,3352,4.72003734
2018-12-14 00:57:00,3352,3351.81198622,3352,3350.2,9.41760261
2018-12-14 00:58:00,3351.8,3353.3,3353.9,3351.8,5.25045155
2018-12-14 00:59:00,3353.2,3353.2,3353.2,3352.2,5.00478837
2018-12-14 01:00:00,3353.2,3353.6,3353.6,3353.2,1.65376796
2018-12-14 01:01:00,3353.7,3353.1,3353.7,3353.1,6.08118834
2018-12-14 01:02:00,3353.1,3353.1,3353.2,3353.1,2.68209891
2018-12-14 01:03:00,3353.2,3352,3353.2,3352,33.56445378
2018-12-14 01:04:00,3352,3350,3352,3350,22.29746965
2018-12-14 01:05:00,3350,3342.6,3350.1,3341,15.49229168
2018-12-14 01:06:00,3342.6,3346,3346,3342.6,8.85285916
2018-12-14 01:07:00,3347,3347.2,3348.2,3346,1.05904561
2018-12-14 01:08:00,3347.2,3349.9,3350,3347.2,94.62591473
2018-12-14 01:09:00,3349.9,3349.9,3350,3349.9,5.34857484
2018-12-14 01:10:00,3349.9,3349.9,3349.9,3349.9,2.38171499
2018-12-14 01:11:00,3350,3351.4,3351.4,3350,16.9670588
2018-12-14 01:12:00,3351.8,3353.9,3354,3351.8,6.41674791
2018-12-14 01:13:00,3353.90677871,3353.90677871,3354,3353.9,5.26576439
2018-12-14 01:14:00,3353.9,3353.90677871,3353.90677871,3352.09977772,11.7469328
2018-12-14 01:15:00,3353.6,3353.9,3353.9,3353.6,2.46473203
2018-12-14 01:16:00,3353.9,3354.9,3354.9,3353.9,3.013377
2018-12-14 01:17:00,3355,3354.9,3355,3354.9,0.07269614
2018-12-14 01:18:00,3354.9,3354.9,3354.9,3354.9,0.392002
2018-12-14 01:19:00,3354.9,3354.9,3355,3354.9,4.39310557
2018-12-14 01:20:00,3354.9,3355,3355,3354.9,14.53231911
2018-12-14 01:21:00,3354.9,3354.9,3354.9,3354.9,1.005
2018-12-14 01:22:00,3354.9,3354.9,3355,3354.9,2.14962962
2018-12-14 01:23:00,3355,3352.6,3355,3352.6,8.09614534
2018-12-14 01:24:00,3352.3,3352,3352.3,3352,2.14375485
2018-12-14 01:25:00,3352,3351.2,3352.1,3351,3.17585411
2018-12-14 01:26:00,3351.1,3351.1,3351.1,3351,3.86705092
2018-12-14 01:27:00,3351.1,3352.1,3352.1,3351.1,1.56341166
2018-12-14 01:28:00,3352.4,3351.6,3352.5,3351.1,2.86715123
2018-12-14 01:29:00,3351.6,3352.5,3352.5,3351.5,1.85278368
2018-12-14 01:30:00,3352.47128393,3352.8,3352.8,3352.47128393,12.527369
2018-12-14 01:31:00,3352.9,3353.8,3353.8,3352.9,2.14520998
2018-12-14 01:32:00,3354,3355,3355,3354,64.47718796
2018-12-14 01:33:00,3355,3355,3355,3355,25.68207362
2018-12-14 01:34:00,3355,3354.9,3355,3354.9,14.22293765
2018-12-14 01:35:00,3354.84235684,3354.9,3354.9,3354.84235684,0.163344
2018-12-14 01:36:00,3354.9,3354.8,3354.9,3354.8,0.72102442
2018-12-14 01:37:00,3354.9,3354.8,3354.9,3354.8,0.72173021
2018-12-14 01:38:00,3354.9,3354.9,3354.9,3354.8,6.14775257
2018-12-14 01:39:00,3354.9,3354.8,3354.9,3354.8,1.20198385
2018-12-14 01:40:00,3354.9,3355.3,3355.4,3354.9,6.49475272
2018-12-14 01:41:00,3355.3,3355.4,3355.4,3355.3,6.7428587
2018-12-14 01:42:00,3355.4,3355.4,3355.5,3355.4,0.45118462
2018-12-14 01:43:00,3355.5,3355.5,3355.5,3355.4,2.49444799
2018-12-14 01:44:00,3355.4,3355.4,3355.5,3355.4,2.2228419
2018-12-14 01:45:00,3355.5,3355.5,3355.5,3355.5,0.21
2018-12-14 01:46:00,3355.4,3355.4,3355.5,3355.4,2.221999
2018-12-14 01:47:00,3355.4456565,3356.1,3356.2,3355.4456565,11.38868466
2018-12-14 01:48:00,3356.2,3356.1,3356.2,3356.1,3.52549864
2018-12-14 01:49:00,3356.1,3356.2,3356.2,3356.1,12.30342567
2018-12-14 01:50:00,3356.1,3354.9,3356.12532348,3354.8,9.14469568
2018-12-14 01:51:00,3355.4,3355.4,3355.5,3355.4,4.56147524
2018-12-14 01:52:00,3354.8,3349.9,3354.8,3348.7,42.02642985
2018-12-14 01:53:00,3350,3349,3351.7,3348.7,8.75752999
2018-12-14 01:54:00,3350.6,3351,3351,3350.1,2.72374543
2018-12-14 01:55:00,3350.9,3350.6,3350.9,3350.6,3.66099715
2018-12-14 01:56:00,3350.6,3350.7,3350.7,3350.6,1.195
2018-12-14 01:57:00,3350.6,3350.6,3351,3350.6,2.44641964
2018-12-14 01:58:00,3350.9,3350,3350.9,3350,5.95663379
2018-12-14 01:59:00,3350.2,3348.5,3350.2,3348.5,7.171842
2018-12-14 02:00:00,3348.6,3348,3349.1,3348,1.94684685
2018-12-14 02:01:00,3348,3349.2,3349.2,3348,2.03706311
2018-12-14 02:02:00,3348.5,3348.5,3349.4,3348.4,0.9985034
2018-12-14 02:03:00,3348.6,3348,3349.4962038,3348,4.66038914
2018-12-14 02:04:00,3348,3344.9,3348,3344.4,60.5669914
2018-12-14 02:05:00,3344.941803,3344.9,3345,3344.9,10.85381337
2018-12-14 02:06:00,3345,3344.914209,3345,3344.914209,0.10398836
2018-12-14 02:07:00,3345,3344.9,3345,3344.9,0.85432647
2018-12-14 02:08:00,3345,3346.4,3346.4,3345,102.77600413
2018-12-14 02:09:00,3347,3347.9,3347.9,3347,0.55147723
2018-12-14 02:10:00,3347.8200735,3350.9901075,3351,3347.8200735,20.51884878
2018-12-14 02:11:00,3351,3351.4,3351.4,3351,2.83954909
2018-12-14 02:12:00,3351.3423335,3352.0467855,3352.1,3351.3423335,6.39506022
2018-12-14 02:13:00,3352.1,3352.9,3353,3352.1,2.82593
2018-12-14 02:14:00,3352.9,3352.9,3352.9,3352.9,0.00634228
2018-12-14 02:15:00,3353,3353,3353,3352.9,3.521302
2018-12-14 02:16:00,3353,3353,3353,3353,0.030702
2018-12-14 02:17:00,3352.9,3352.9558545,3352.9558545,3352.9,0.02863932
2018-12-14 02:18:00,3353,3353,3353,3352.9558545,6.72164606
2018-12-14 02:19:00,3353,3354.5,3355,3353,9.26130088
2018-12-14 02:20:00,3354.5,3354.5,3354.6,3354.5,0.53732208
2018-12-14 02:21:00,3354.5,3354.6,3354.6,3354.5,1.49604507
2018-12-14 02:22:00,3354.5410515,3354.5,3354.5410515,3354.5,0.24447282
2018-12-14 02:23:00,3354.5,3354.58154811,3354.6,3354.5,2.10501437
2018-12-14 02:24:00,3354.58154811,3354.5,3354.58154811,3354.5,0.79904236
2018-12-14 02:25:00,3354.5,3354.58154811,3354.58154811,3354.5,0.950147
2018-12-14 02:26:00,3354.55012256,3353.1,3354.6,3353,1.67211
2018-12-14 02:27:00,3353.1,3352,3353.1,3352,14.70319161
2018-12-14 02:28:00,3352.1,3352,3352.1,3352,2.33892016
2018-12-14 02:29:00,3352,3352,3352.1,3352,1.18701404
2018-12-14 02:30:00,3352,3350,3352,3350,1.32637081
2018-12-14 02:31:00,3350,3350.6,3352,3350,1.57
2018-12-14 02:32:00,3350.7,3350.7,3350.7,3350.7,1.14976049
2018-12-14 02:33:00,3350.7,3350.6,3350.7,3350.6,2.55617997
2018-12-14 02:34:00,3350.6,3351.1,3351.1,3350,6.22709607
2018-12-14 02:35:00,3351.3,3351.3,3351.38737074,3351.3,0.302
2018-12-14 02:36:00,3351.1,3351,3351.1,3351,3.27052531
2018-12-14 02:37:00,3350,3350.93615125,3350.93615125,3349.9,0.85997773
2018-12-14 02:38:00,3350.93615125,3355,3355,3350.93615125,8.30566252
2018-12-14 02:39:00,3353.5,3353.8,3353.8,3353.5,0.11
2018-12-14 02:40:00,3353.7,3353.1,3353.7,3352.7,0.38312569
2018-12-14 02:41:00,3353,3353.4,3353.5,3353,0.43018436
2018-12-14 02:42:00,3353.1,3354,3354,3353.1,1.1035558
2018-12-14 02:43:00,3354,3354.8,3355,3354,5.67595835
2018-12-14 02:44:00,3354.8,3354.8,3354.9,3354.8,3.78260221
2018-12-14 02:45:00,3354.8,3354.7,3354.8,3354.7,0.9340438
2018-12-14 02:46:00,3354.7,3354.7,3354.7,3354.7,0.38645725
2018-12-14 02:47:00,3354.70531162,3354.7,3354.70531162,3354.7,0.49507897
2018-12-14 02:48:00,3354.9,3355,3355,3354.9,3.82757333
2018-12-14 02:49:00,3354.93127096,3355,3355,3354.93127096,40.40237928
2018-12-14 02:50:00,3355,3358.8,3359.3,3354.93127096,87.52324852
2018-12-14 02:51:00,3358.9,3359.7,3359.7,3358.8034529,9.77452912
2018-12-14 02:52:00,3359.6,3356.7,3359.8,3356.7,19.91950833
2018-12-14 02:53:00,3357,3358.2,3359.7,3356.9,3.42584778
2018-12-14 02:54:00,3358.5,3358.9,3358.9,3358.5,1.19196155
2018-12-14 02:55:00,3358.8034529,3358.8,3358.8034529,3358.8,2.33352747
2018-12-14 02:56:00,3358.8,3358.8,3358.9,3358.8,1.47358001
2018-12-14 02:57:00,3358.8,3358.8,3358.9,3358.8,1.0353087
2018-12-14 02:58:00,3358.88210184,3358.8,3358.9,3358.8,3.14393499
2018-12-14 02:59:00,3358.8648464,3358.8648464,3358.9,3358.8648464,1.50445147
2018-12-14 03:00:00,3358.9,3358.9,3358.9,3358.8648464,0.34668395
2018-12-14 03:01:00,3358.8648464,3358.8,3358.88210184,3358.8,0.59320896
2018-12-14 03:02:00,3358.9,3360,3360,3358.8,6.60595783
2018-12-14 03:03:00,3360,3360,3360,3359.9218688,9.97853942
2018-12-14 03:04:00,3360,3360.3622948,3360.4,3360,1.19966263
2018-12-14 03:05:00,3360.4,3360.4,3360.4,3360.4,0.16358013
2018-12-14 03:06:00,3360.3,3360.4,3360.4,3360.3,1.56807276
2018-12-14 03:07:00,3360.3,3358.4,3360.38676853,3358.4,5.38193638
2018-12-14 03:08:00,3358.46648297,3358.5,3358.8,3358.3,8.73515569
2018-12-14 03:09:00,3358.3,3358.4,3358.4,3358.3,1.17869252
2018-12-14 03:10:00,3358.3,3358.3,3358.3,3358.3,2.0196205
2018-12-14 03:11:00,3358.3,3358.35352499,3358.35352499,3358.3,0.7903
2018-12-14 03:12:00,3358.3,3358.3,3358.3,3358.3,1.35399999
2018-12-14 03:13:00,3358.4,3355.5,3358.4,3355.4,27.85160268
2018-12-14 03:14:00,3355.4,3355.4,3355.4,3355.4,0.05
2018-12-14 03:15:00,3355.5,3355.4,3355.6,3355.4,0.86175628
2018-12-14 03:16:00,3355.49152268,3355.49152268,3355.49152268,3355.49152268,0.15232167
2018-12-14 03:17:00,3355.49152268,3356.4,3356.4,3355.49152268,10.36788483
2018-12-14 03:18:00,3356.4,3359.67373606,3362.16045753,3356.4,47.97421346
2018-12-14 03:19:00,3358.9,3358,3358.9,3357.86521136,0.81187391
2018-12-14 03:20:00,3358,3357.18701459,3358.1,3357.1,0.42449241
2018-12-14 03:21:00,3357.2,3356.28275224,3357.2,3356.28275224,0.09884771
2018-12-14 03:22:00,3356.28275224,3356.2,3356.6,3356.2,0.88659464
2018-12-14 03:23:00,3356.2177101,3356.2,3356.3,3356.2,2.77340747
2018-12-14 03:24:00,3356.2,3356.2,3356.3,3356.2,1.10068909
2018-12-14 03:25:00,3356.2,3356.2,3356.2177101,3356.2,1.75834798
2018-12-14 03:26:00,3356.2,3356.2,3356.2,3356.2,0.039
2018-12-14 03:27:00,3356.20076134,3356.2151328,3356.2151328,3356.2,0.55950782
2018-12-14 03:28:00,3356.2151328,3356.2,3356.3,3356.2,2.59022615
2018-12-14 03:29:00,3356.2,3356.2,3356.2,3356.2,5
2018-12-14 03:30:00,3356.3,3356.2,3356.3,3356.2,0.45711208
2018-12-14 03:31:00,3356.2,3355.8,3356.2,3355.8,28.47456861
2018-12-14 03:32:00,3355.4,3354.8,3355.4,3354.05340768,3.04194249
2018-12-14 03:33:00,3354.8,3354.73151936,3354.8,3354.73151936,1.85639465
2018-12-14 03:34:00,3354.73151936,3354.8,3354.8,3354.73151936,5.49930823
2018-12-14 03:35:00,3354.8,3356.3,3356.3,3354.73151936,3.21634316
2018-12-14 03:36:00,3356.3,3355.6,3356.3,3355.5,2.29721683
2018-12-14 03:37:00,3355.6,3355.3,3357.9,3355.2,8.69561197
2018-12-14 03:38:00,3356.3,3357.4,3357.9,3355.2,6.75403897
2018-12-14 03:39:00,3357.5,3357.4,3357.7,3357.3,1.54133778
2018-12-14 03:40:00,3357.4,3357.9,3358,3357.4,1.50518569
2018-12-14 03:41:00,3358,3358,3358,3357.97337775,1.77541603
2018-12-14 03:42:00,3357.9,3357.4086708,3357.9,3357.4086708,2.2160198
2018-12-14 03:43:00,3357.4086708,3357.458118,3357.5,3357.4,7.34457876
2018-12-14 03:44:00,3357.3,3357.8,3358,3357.3,5.0112381
2018-12-14 03:45:00,3357.4,3357.5,3357.5,3357.3,1.3
2018-12-14 03:46:00,3357.3,3348.5,3357.3,3347.4,49.36095914
2018-12-14 03:47:00,3349.3,3348.6,3349.7,3348.6,1.40890058
2018-12-14 03:48:00,3348.6,3348.5,3349.4,3348.5,7.38510066
2018-12-14 03:49:00,3348.5,3345.9,3348.5,3344.9,30.57916287
2018-12-14 03:50:00,3346.7,3345.16521849,3346.7,3344.9,15.76442088
2018-12-14 03:51:00,3345.1,3341.1,3345.1,3341,74.35845254
2018-12-14 03:52:00,3341.1,3342.7,3342.8,3341.1,6.55572466
2018-12-14 03:53:00,3342.8,3342.7,3343.1,3342.7,2.30504054
2018-12-14 03:54:00,3342.8,3343,3343.4,3342.8,4.15290722
2018-12-14 03:55:00,3343.1,3330,3343.1,3329.5,731.02335341
2018-12-14 03:56:00,3329.9,3334,3334.78474,3326.1,99.30504474
2018-12-14 03:57:00,3334.2,3335.19510817,3335.5,3334.1684915,3.68204034
2018-12-14 03:58:00,3335.19510817,3335.4207794,3335.4207794,3335.1,36.0065557
2018-12-14 03:59:00,3335.312953,3336.7,3336.7,3335.312953,15.04931726
2018-12-14 04:00:00,3338.2,3338.58017662,3339.2,3338.1,19.90544177
2018-12-14 04:01:00,3338.3,3338.3,3338.4,3338.3,16.39836219
2018-12-14 04:02:00,3338.3,3336.6,3338.3,3336.5,24.16105981
2018-12-14 04:03:00,3336.6,3334.8,3336.6,3326.0692255,66.0828672
2018-12-14 04:04:00,3335,3337.8,3339.1,3335,9.83068765
2018-12-14 04:05:00,3339.7,3343.8,3346.008288,3337.79032732,20.35186261
2018-12-14 04:06:00,3344.2,3353.6,3357.1,3344.2,39.73918291
2018-12-14 04:07:00,3353.5,3358.7,3362,3353.5,20.67901504
2018-12-14 04:08:00,3358.2,3350,3358.4,3350,37.81042425
2018-12-14 04:09:00,3350,3352.8,3355.7,3350,37.18075678
2018-12-14 04:10:00,3353,3355.2,3355.2,3353,9.04005923
2018-12-14 04:11:00,3354.4,3354.3,3355.4,3354.3,6.37177155
2018-12-14 04:12:00,3354.3,3355.5,3355.5,3354.3,2.75034223
2018-12-14 04:13:00,3355.3,3359,3360,3355.3,6.3799716
2018-12-14 04:14:00,3358.7,3356.8,3359.4,3355.2,7.7902208
2018-12-14 04:15:00,3356.1,3357.9,3359.7,3356.1,1.2859204
2018-12-14 04:16:00,3357.8,3357.8,3357.8,3357.8,0.2
2018-12-14 04:17:00,3358.3,3358.67522863,3358.7,3358.3,2.07744983
2018-12-14 04:18:00,3358.7,3358.67522863,3358.7,3358.6,3.82234381
2018-12-14 04:19:00,3358.7,3359.7,3360,3358.7,19.8509215
2018-12-14 04:20:00,3359.69116185,3359.6,3359.7,3359.6,3.291897
2018-12-14 04:21:00,3359.7,3360,3360,3359.6,3.1872201
2018-12-14 04:22:00,3360,3358.2,3360,3358.2,3.7533417
2018-12-14 04:23:00,3358.22370275,3355.5,3358.3,3355.5,11.48646474
2018-12-14 04:24:00,3355.5,3355.4,3355.5,3352.2,15.04656141
2018-12-14 04:25:00,3352.3,3352.3,3352.3,3352.3,0.01
2018-12-14 04:26:00,3352.3,3353.9,3353.9,3352.3,1.32580264
2018-12-14 04:27:00,3354,3354.1,3354.1,3354,0.39399999
2018-12-14 04:28:00,3354.1,3355.6,3355.6,3354.1,6.73153509
2018-12-14 04:29:00,3355.6,3356,3356,3355.6,1.97889733
2018-12-14 04:30:00,3356.3,3356.4,3356.4,3356.25184596,4.02901866
2018-12-14 04:31:00,3356.4,3356.3,3356.6,3356.3,5.90046742
2018-12-14 04:32:00,3356.4,3356.4,3356.4,3356.4,0.065
2018-12-14 04:33:00,3356.4,3356.9,3356.9,3356.4,6.02398831
2018-12-14 04:34:00,3356.9,3356.9,3356.9,3356.9,0.596
2018-12-14 04:35:00,3356.8164343,3356.9,3356.9,3356.8164343,0.2771334
2018-12-14 04:36:00,3356.8,3356.8,3356.9,3356.8,0.95415135
2018-12-14 04:37:00,3356.9,3359,3360,3356.9,10.88772801
2018-12-14 04:38:00,3359.1,3358.1,3360,3358.1,12.02224327
2018-12-14 04:39:00,3358.18494337,3358.2,3358.2,3358.1,0.89515615
2018-12-14 04:40:00,3358.1,3357,3358.1,3356.3,3.6472937
2018-12-14 04:41:00,3356.6,3358,3358,3356.4,12.83405169
2018-12-14 04:42:00,3356.4,3356.4,3356.9,3356.3,2.93480897
2018-12-14 04:43:00,3356.4,3356.4,3356.4,3356.3,6.88801555
2018-12-14 04:44:00,3356.3,3356.3,3356.3,3356.3,0.6689303
2018-12-14 04:45:00,3356.4,3356.4,3356.4,3356.3,12.9779
2018-12-14 04:46:00,3356.3,3356.3,3356.4,3356.3,6.1379
2018-12-14 04:47:00,3356.4,3356.4,3356.4,3356.3,1.19620843
2018-12-14 04:48:00,3356.4,3356.94489755,3357,3356.4,7.93306916
2018-12-14 04:49:00,3356.94489755,3356.9,3357,3356.9,6.16315881
2018-12-14 04:50:00,3356.9,3357,3357,3356.9,2.29075242
2018-12-14 04:51:00,3356.94489755,3356.9,3357,3356.9,5.06042747
2018-12-14 04:52:00,3357,3356.9,3357,3356.9,0.050082
2018-12-14 04:53:00,3357,3357.3,3357.4,3357,4.54790048
2018-12-14 04:54:00,3357.3,3357.3,3357.3,3357.3,1.08748
2018-12-14 04:55:00,3357.4,3360,3360,3357.3,5.32074209
2018-12-14 04:56:00,3359.84196265,3359.8,3359.9,3359.8,0.62341172
2018-12-14 04:57:00,3359.8,3364.2,3366.1,3359.8,42.58306771
2018-12-14 04:58:00,3364.2,3363.7,3364.2,3363.1,4.72891529
2018-12-14 04:59:00,3363.6,3363.6,3363.7,3363.6,0.05290889
2018-12-14 05:00:00,3363.7,3362,3363.7,3362,0.36037211
2018-12-14 05:01:00,3362,3362.1,3362.1,3362,0.35664224
2018-12-14 05:02:00,3362,3362,3362,3362,0.667131
2018-12-14 05:03:00,3362.1,3361.8,3362.1,3361.8,5.67471227
2018-12-14 05:04:00,3359.3,3357.8,3359.3,3357.8,0.48442959
2018-12-14 05:05:00,3357.8,3359.1,3359.1,3357.8,0.80338125
2018-12-14 05:06:00,3359,3359,3359.1,3359,1.92805
2018-12-14 05:07:00,3359,3358.59599081,3359.1,3357.01589995,1.17116735
2018-12-14 05:08:00,3357.9,3356.7,3359.1,3356.7,4.60544115
2018-12-14 05:09:00,3356.3,3355.6,3356.4,3354.19430913,25.25344833
2018-12-14 05:10:00,3355.6,3351.9985416,3355.6,3351.2,32.72135293
2018-12-14 05:11:00,3351.3,3351.4,3351.4701408,3351.3,0.31692154
2018-12-14 05:12:00,3351.4,3349.7968716,3351.4,3347.9,13.21150351
2018-12-14 05:13:00,3349.7968716,3349.7,3350.1,3349.7,6.32525782
2018-12-14 05:14:00,3350.1,3350.7,3350.7656064,3350.061072,6.45392655
2018-12-14 05:15:00,3350.7,3350.7,3350.7,3350.7,0.589754
2018-12-14 05:16:00,3350.7,3350.7,3350.7,3350.7,0.119483
2018-12-14 05:17:00,3350.7,3350.6,3350.73097642,3350.6,0.23479507
2018-12-14 05:18:00,3350.7,3350.7,3350.7,3350.6,1.95468104
2018-12-14 05:19:00,3350.6,3350.6,3350.6,3350.6,0.045751
2018-12-14 05:20:00,3350.7,3350.7,3350.7,3350.7,0.005
2018-12-14 05:21:00,3350.6,3350.6,3350.6,3350.6,0.410143
2018-12-14 05:22:00,3350.6,3350.7,3350.7,3350.6,0.770684
2018-12-14 05:23:00,3350.7,3350.7,3350.7,3350.6,1.97882441
2018-12-14 05:24:00,3350.7,3350.7,3350.7,3350.6,13.12312756
2018-12-14 05:25:00,3350.7,3350.6,3350.7,3350.6,3.07420252
2018-12-14 05:26:00,3350.7,3350.6,3350.7,3350.6,0.01744389
2018-12-14 05:27:00,3350.6,3350.7,3350.7,3350.6,1.00348974
2018-12-14 05:28:00,3350.7,3350.7,3350.8,3350.6,7.2025305
2018-12-14 05:29:00,3350.7,3350.6,3350.7,3350.6,0.016128
2018-12-14 05:30:00,3350.7,3349.7,3350.7,3349.7,27.59535181
2018-12-14 05:31:00,3349.7,3343.9,3349.7,3343.2,10.34882158
2018-12-14 05:32:00,3343.8,3343.69936824,3343.8,3343.3,3.9445201
2018-12-14 05:33:00,3343.69936824,3344.2,3344.7,3343.6,2.32490153
2018-12-14 05:34:00,3344.2,3343.3,3344.2,3343.13497364,3.89322187
2018-12-14 05:35:00,3343.2,3343.2,3343.3,3343.2,0.14726421
2018-12-14 05:36:00,3343.3,3346,3346,3343.3,5.24556309
2018-12-14 05:37:00,3346.06445057,3347,3347,3346,0.31195292
2018-12-14 05:38:00,3347,3348.2,3349,3346.9,14.54319481
2018-12-14 05:39:00,3347.9,3347.9,3347.9,3347.9,0.097219
2018-12-14 05:40:00,3347.9,3347.9,3347.98144904,3347.9,3.06923707
2018-12-14 05:41:00,3347.2,3346.9,3347.3,3346.9,1.49769746
2018-12-14 05:42:00,3346.9,3346,3346.9,3345.9,4.26838272
2018-12-14 05:43:00,3346,3340,3346,3331,246.34749846
2018-12-14 05:44:00,3340,3339.8,3340,3336.8,37.72970845
2018-12-14 05:45:00,3339.8,3339.7,3339.8,3339.7,0.571071
2018-12-14 05:46:00,3339.72220003,3339.94768934,3339.94768934,3339.72220003,0.45812312
2018-12-14 05:47:00,3339.9,3339.8,3340,3339.7,62.95342467
2018-12-14 05:48:00,3339.8,3339.83494469,3339.9,3339.8,3.43098427
2018-12-14 05:49:00,3339.8,3339.5,3339.8,3339.3,32.78504325
2018-12-14 05:50:00,3339.4,3339.6,3339.7,3339.38396606,3.17055602
2018-12-14 05:51:00,3339.6,3335.2,3339.6,3335.2,38.94564154
2018-12-14 05:52:00,3335.2,3326.1,3335.3,3326.1,92.40536049
2018-12-14 05:53:00,3326.1,3327.9,3328,3318.5,136.31368314
2018-12-14 05:54:00,3327.99675581,3333,3336.2,3327.9,48.84483082
2018-12-14 05:55:00,3333.9,3333,3333.9,3330.70262755,8.23977988
2018-12-14 05:56:00,3333,3338.5,3338.5,3333,15.5433025
2018-12-14 05:57:00,3336.60219364,3337.7,3338.6,3336.60219364,4.90580029
2018-12-14 05:58:00,3337.72938603,3337.8,3337.8,3337.7,9.44767545
2018-12-14 05:59:00,3337.8,3337.7,3337.8,3337.7,2.33656187
2018-12-14 06:00:00,3337.8,3337.7,3337.8,3337.7,13.32118487
2018-12-14 06:01:00,3336.26403592,3336.2,3336.3,3336.2,10.47201322
2018-12-14 06:02:00,3336.2,3332.9,3336.26403592,3330.1,16.65718279
2018-12-14 06:03:00,3332.8,3332.7,3332.8,3331.8,1.77611502
2018-12-14 06:04:00,3332.7,3330.8,3332.7,3330.2,3.68303411
2018-12-14 06:05:00,3330.8,3332.9,3335,3330.8,7.63867589
2018-12-14 06:06:00,3331.9,3330.9,3331.9,3330.1,11.26114586
2018-12-14 06:07:00,3330.9,3331,3331,3330.9,11.0316817
2018-12-14 06:08:00,3331,3331.5,3335.1,3331,4.5660847
2018-12-14 06:09:00,3331.4,3330.6238784,3331.4,3330.6238784,1.27950493
2018-12-14 06:10:00,3331.6,3332.4,3332.4,3331.6,0.498604
2018-12-14 06:11:00,3331.7,3330.85276826,3331.7,3330.7118598,0.03233002
2018-12-14 06:12:00,3330.9,3330.1,3331,3330.1,14.05643499
2018-12-14 06:13:00,3330.17624693,3332.5,3332.8,3330.1,5.50685389
2018-12-14 06:14:00,3332.6,3336.3,3336.9,3332.6,11.40619681
2018-12-14 06:15:00,3336.3,3339.4,3339.4,3336.3,13.16561282
2018-12-14 06:16:00,3339.1,3336,3339.1,3336,3.13356619
2018-12-14 06:17:00,3336.7,3336.5,3337,3336.5,3.03378778
2018-12-14 06:18:00,3336.6,3334.4,3336.6,3331.1,11.62621969
2018-12-14 06:19:00,3334.4,3334.3,3334.4,3332.3,5.1704235
2018-12-14 06:20:00,3334.4,3333.5,3334.4,3333.5,0.74566307
2018-12-14 06:21:00,3333.5,3332,3333.5,3331.26608022,16.86998616
2018-12-14 06:22:00,3331.8,3331,3332,3330.3,11.79063368
2018-12-14 06:23:00,3331,3336.3,3336.3,3330.9116516,32.25532362
2018-12-14 06:24:00,3336.4,3333.6,3336.5,3333.6,15.52858314
2018-12-14 06:25:00,3335.5,3336,3336,3333,1.24
2018-12-14 06:26:00,3335.6,3335.3,3335.9,3335.1,7.88088191
2018-12-14 06:27:00,3335.2,3334.1,3335.3,3334.1,4.33759861
2018-12-14 06:28:00,3334.2,3333.1,3334.2,3333.1,9.25370516
2018-12-14 06:29:00,3333.2,3334.1,3334.1,3333.2,2.1099904
2018-12-14 06:30:00,3334,3337,3337,3334,8.49492062
2018-12-14 06:31:00,3337.9,3342.7,3342.84297848,3337.8,12.2095898
2018-12-14 06:32:00,3342.7,3340,3342.7,3338,4.82352446
2018-12-14 06:33:00,3339.91115465,3338.4,3341.5,3338.4,17.71195982
2018-12-14 06:34:00,3338.4,3338.4,3338.4,3338.4,0.01514293
2018-12-14 06:35:00,3338.4,3339,3339,3338.4,111.80383088
2018-12-14 06:36:00,3339,3344.2,3345,3339,36.83213751
2018-12-14 06:37:00,3344.2,3344.2,3344.2,3344.2,1.01939338
2018-12-14 06:38:00,3344.3,3344.4,3344.4,3344.3,2.15982999
2018-12-14 06:39:00,3344.4,3344.4,3344.4,3344.4,0.0280043
2018-12-14 06:40:00,3344.4,3344.4,3344.4,3344.4,0.03837036
2018-12-14 06:41:00,3344.4,3346.3,3347.8,3343.9,97.22686505
2018-12-14 06:42:00,3345.6,3345.4,3349.1,3345.3,13.44969171
2018-12-14 06:43:00,3345.4,3345,3345.4,3345,4.01258219
2018-12-14 06:44:00,3345.1,3345,3345.1,3345,0.26253448
2018-12-14 06:45:00,3345,3344.1,3345,3344.1,7.17585983
2018-12-14 06:46:00,3344,3343.9,3344,3343.9,10.85467106
2018-12-14 06:47:00,3343.9,3340.1,3343.9,3340.1,19.5482306
2018-12-14 06:48:00,3340.1,3340.4,3341.7,3340.1,6.03626765
2018-12-14 06:49:00,3340.4,3340.3,3340.4,3340.2,4.27920368
2018-12-14 06:50:00,3340.3,3340,3343,3340,12.1184871
2018-12-14 06:51:00,3340.1,3340.2,3340.4,3340,4.22721782
2018-12-14 06:52:00,3340.1,3340.2,3340.4,3340.1,7.70574405
2018-12-14 06:53:00,3340.4,3341.5,3342.8,3340.4,5.93972998
2018-12-14 06:54:00,3341.6,3341.5,3341.6,3341.3,4.00331265
2018-12-14 06:55:00,3340.5,3340,3340.6,3340,1.21220261
2018-12-14 06:56:00,3340.1,3340,3340.1,3340,5.43916023
2018-12-14 06:57:00,3340,3338.6,3340,3338.6,3.60165446
2018-12-14 06:58:00,3338.4,3339.25880148,3339.3,3338.4,4.303
2018-12-14 06:59:00,3339.2,3337.8,3339.3,3336.77574552,5.6026208
2018-12-14 07:00:00,3337.7,3336.2,3337.8,3336.2,1.18517226
2018-12-14 07:01:00,3336.3,3336.2,3336.3,3336.2,2.12610134
2018-12-14 07:02:00,3336.2,3337.8,3337.8,3336.2,2.4668197
2018-12-14 07:03:00,3337.9,3338.4,3338.4,3337.9,3.34180016
2018-12-14 07:04:00,3338.5,3338.5,3339,3338.5,6.37341965
2018-12-14 07:05:00,3339,3338.9,3339,3338.9,0.037264
2018-12-14 07:06:00,3338.9,3339.1,3339.2,3338.9,1.10991443
2018-12-14 07:07:00,3339.1,3339.2,3339.2,3339.1,0.09857207
2018-12-14 07:08:00,3339.2,3338.3,3339.2,3338.3,7.71601998
2018-12-14 07:09:00,3338.3,3338.7,3338.8,3338.3,6.85790265
2018-12-14 07:10:00,3338.7,3336.2,3338.7,3336.2,14.70675461
2018-12-14 07:11:00,3336.2,3335,3336.2,3335,13.73250722
2018-12-14 07:12:00,3335,3329.6,3335,3329.6,167.77393741
2018-12-14 07:13:00,3329.7,3325,3329.7,3324.2,138.17218655
2018-12-14 07:14:00,3325,3325,3325,3324.9,12.84597725
2018-12-14 07:15:00,3325,3324.9,3325,3324.9,25.53900512
2018-12-14 07:16:00,3325,3333.8,3334.59353376,3324.9,43.39040815
2018-12-14 07:17:00,3333.8,3332.11075802,3333.80355966,3331.7,5.00983888
2018-12-14 07:18:00,3332.1,3332.6,3332.7,3331.8,4.54232198
2018-12-14 07:19:00,3332.56217179,3333.01358556,3333.01358556,3332.56217179,1.77483937
2018-12-14 07:20:00,3333.3,3333.3,3333.3,3333.3,0.34635025
2018-12-14 07:21:00,3333.1,3330.19224949,3333.1,3330.19224949,1.9433656
2018-12-14 07:22:00,3330.1,3330.19224949,3330.19224949,3329.8,1.06774873
2018-12-14 07:23:00,3330.19224949,3330.5,3330.6,3330.19224949,6.97526081
2018-12-14 07:24:00,3330.6,3330,3330.64366326,3330,1.69096266
2018-12-14 07:25:00,3329.9,3330.9,3331,3329.9,6.74950561
2018-12-14 07:26:00,3331,3331,3331,3331,2.505211
2018-12-14 07:27:00,3330.9,3330.3,3330.9,3329.4,4.56523084
2018-12-14 07:28:00,3330.4,3331.3,3332,3330.3,3.800405
2018-12-14 07:29:00,3331.7,3332.2,3332.5,3331.7,1.72566849
2018-12-14 07:30:00,3332.11058802,3333,3333,3332.11058802,2.8315219
2018-12-14 07:31:00,3332.9,3332.9,3333,3332.1,2.239723
2018-12-14 07:32:00,3332.1,3332.2,3332.2,3332.1,1.15737338
2018-12-14 07:33:00,3332.2,3332.11058802,3332.9,3332.11058802,4.31999996
2018-12-14 07:34:00,3332.3,3332.3,3332.3,3332.2,0.61232325
2018-12-14 07:35:00,3332.3,3332.2,3332.3,3332.1,6.86650552
2018-12-14 07:36:00,3332.1,3332.1,3332.1,3332.1,4.0433289
2018-12-14 07:37:00,3332.1,3325.7,3332.1,3322.4,69.26480731
2018-12-14 07:38:00,3325.77219282,3326,3326,3325.7,3.56999998
2018-12-14 07:39:00,3325.99789843,3325.99789843,3326,3325.9,1.86175859
2018-12-14 07:40:00,3325.9,3325.9,3326,3325.9,13.65230901
2018-12-14 07:41:00,3325.9,3325.9,3325.99789843,3325.9,5.34425573
2018-12-14 07:42:00,3325.9,3325.9,3325.9,3325.9,2.95985581
2018-12-14 07:43:00,3326,3321,3326,3321,37.44848925
2018-12-14 07:44:00,3320.69381655,3315.8,3320.69381655,3312.7,188.52780565
2018-12-14 07:45:00,3315.8,3326.1,3331.1,3313.4,138.75683193
2018-12-14 07:46:00,3323.8,3329.3,3329.3,3323.7,4.91160589
2018-12-14 07:47:00,3327.6,3327.6,3329.4,3327.5,10.01400662
2018-12-14 07:48:00,3327.6,3329.4,3329.4,3325.7,15.49086423
2018-12-14 07:49:00,3328.4,3329.8,3332.9,3328.4,21.77403542
2018-12-14 07:50:00,3329.9,3328,3330,3327.1,4.82933185
2018-12-14 07:51:00,3328.4,3328.3,3331.13236903,3327.3,7.94806019
2018-12-14 07:52:00,3328.4,3328.5,3328.5,3328.3,4.56111055
2018-12-14 07:53:00,3328.5,3328.4,3329.6,3328.4,111.44830526
2018-12-14 07:54:00,3328.4,3328.5,3328.64922898,3326.9,115.68007254
2018-12-14 07:55:00,3327,3327.1,3327.1,3326.9,8.81612498
2018-12-14 07:56:00,3327,3325.7,3327,3325.6,30.12639147
2018-12-14 07:57:00,3325.6,3325.6,3325.7,3325.6,31.45318499
2018-12-14 07:58:00,3325.63405155,3325.63405155,3325.7,3323.1,79.47875216
2018-12-14 07:59:00,3325.63405155,3325.7,3325.7,3325.6,20.42504931
2018-12-14 08:00:00,3325.6,3324.5,3325.63405155,3323.14920067,55.56732261
2018-12-14 08:01:00,3323.60099174,3323.3,3326,3323.3,9.58360849
2018-12-14 08:02:00,3323,3317.2,3323.03625291,3317.2,21.84716376
2018-12-14 08:03:00,3319.3,3318.3,3319.7,3317.3,10.18998215
2018-12-14 08:04:00,3318.1,3314.2,3318.1,3313.8,19.50146552
2018-12-14 08:05:00,3314.2,3303.5,3314.2,3301.01036388,98.57492834
2018-12-14 08:06:00,3303.38234737,3307.6,3315.5,3302.5,168.37789097
2018-12-14 08:07:00,3307.6,3310,3311.4,3307.6,91.24118941
2018-12-14 08:08:00,3310.3,3313.1,3314.3,3310.04649148,29.37698631
2018-12-14 08:09:00,3312.7,3309.3,3312.7,3309.3,14.97568858
2018-12-14 08:10:00,3309.2,3309.1,3309.6,3309.1,61.31231804
2018-12-14 08:11:00,3309.1,3306,3309.1,3305.1,4.82417383
2018-12-14 08:12:00,3306,3300.1,3308.6,3300.1,77.26152386
2018-12-14 08:13:00,3300.1,3284.7,3301,3284.6,237.72573311
2018-12-14 08:14:00,3284.7,3285.7,3290.1,3270.1,443.05919033
2018-12-14 08:15:00,3285.8,3291.4,3294.5,3282.4,82.65214786
2018-12-14 08:16:00,3291.4,3282,3293.5,3281.9092926,122.0929952
2018-12-14 08:17:00,3282,3280.2,3282,3276.5,138.60806288
2018-12-14 08:18:00,3280,3270.72447735,3280,3270.72447735,44.48611066
2018-12-14 08:19:00,3270.8,3264.5,3272.1,3262.1,142.26586612
2018-12-14 08:20:00,3264.6,3267,3267,3260,89.60777152
2018-12-14 08:21:00,3267,3266.09236324,3272,3260.1,199.93438142
2018-12-14 08:22:00,3266.4,3264.4,3267,3257.5,179.72961098
2018-12-14 08:23:00,3264.2,3253.7,3264.2,3250,543.21183448
2018-12-14 08:24:00,3253.66474001,3265.4,3266.8,3253.6,54.16543038
2018-12-14 08:25:00,3265.4,3272,3272,3261,87.57400422
2018-12-14 08:26:00,3272,3271.2,3278.5,3271.2,123.7868541
2018-12-14 08:27:00,3271.1,3273.70697892,3277.6,3267.9,95.02353335
2018-12-14 08:28:00,3274.15883634,3275.3,3279.1,3270,51.3624242
2018-12-14 08:29:00,3276.6,3274.4,3280,3273.6,85.69208668
2018-12-14 08:30:00,3274.2,3273.7,3275.6,3272,2.77962775
2018-12-14 08:31:00,3273.8,3269.3,3273.8,3266.5,26.26110987
2018-12-14 08:32:00,3269.9,3271,3278.1,3268.73654734,79.37256986
2018-12-14 08:33:00,3270.3,3265,3270.8,3265,12.86568412
2018-12-14 08:34:00,3265.91243849,3263,3266.3,3263,19.38950856
2018-12-14 08:35:00,3263,3262.5,3263.1,3260,41.67318856
2018-12-14 08:36:00,3262.1788162,3256,3264.9,3255.6,33.82771606
2018-12-14 08:37:00,3256.1,3256.9,3258.2,3246,240.02319781
2018-12-14 08:38:00,3256.6,3250.5,3257.9,3249,137.16163469
2018-12-14 08:39:00,3249.8,3261.9707833,3262,3249.8,303.63031945
2018-12-14 08:40:00,3262,3260.5,3262.1,3260.4,173.99311729
2018-12-14 08:41:00,3260.5,3253.8,3260.5,3249.9255909,541.27712921
2018-12-14 08:42:00,3254.1,3254.1,3254.2,3253.8,18.75395256
2018-12-14 08:43:00,3254.17756339,3259,3259,3254.1,94.33069337
2018-12-14 08:44:00,3254.9681799,3257.2,3258.9,3254.5,19.05785898
2018-12-14 08:45:00,3257.11413901,3257.2,3257.2,3257.11413901,37.4990709
2018-12-14 08:46:00,3257.2,3260.3,3265.6,3257.2,215.93681735
2018-12-14 08:47:00,3260.1,3260.4,3260.5,3260.1,22.85516296
2018-12-14 08:48:00,3260.4,3259,3261.7,3258.92126246,59.06884138
2018-12-14 08:49:00,3259,3256.5,3259,3255.9311367,43.19560204
2018-12-14 08:50:00,3255.2,3256.3,3256.6,3255.2,4.63559075
2018-12-14 08:51:00,3256.2,3256.6,3256.6,3256.2,31.63591426
2018-12-14 08:52:00,3256.6,3264.7,3270,3256.6,301.36138233
2018-12-14 08:53:00,3264.7,3263.9,3264.8,3263.9,29.46669242
2018-12-14 08:54:00,3264,3263.7,3264,3261.6,17.03519065
2018-12-14 08:55:00,3262.4,3262.1,3262.4,3262,21.18971722
2018-12-14 08:56:00,3262.1,3262.1,3262.1,3262,25.39741492
2018-12-14 08:57:00,3262,3262.1,3262.1,3262,49.81059647
2018-12-14 08:58:00,3262.1,3261.7,3262.1,3261.6,30.51684319
2018-12-14 08:59:00,3261.7,3261.4,3261.9,3261.4,9.18739513
2018-12-14 09:00:00,3261.4,3257.9,3261.6,3256.4,22.1560438
2018-12-14 09:01:00,3257.3,3257.5,3257.5,3250.5,57.70020379
2018-12-14 09:02:00,3256.2,3251,3258,3251,28.6974752
2018-12-14 09:03:00,3251,3252.1,3253.9,3251,13.81976413
2018-12-14 09:04:00,3252.1,3252,3252.4,3252,34.15383577
2018-12-14 09:05:00,3252,3249.9,3252,3249.9,41.51963683
2018-12-14 09:06:00,3249.9,3246.6,3250,3245.1,73.60759658
2018-12-14 09:07:00,3246.6,3250.9,3251.9,3246.6,79.51130069
2018-12-14 09:08:00,3250.4,3250,3250.6,3248,30.17199646
2018-12-14 09:09:00,3250,3250.9,3250.9,3250,15.67112579
2018-12-14 09:10:00,3250.9,3269.7,3270,3250.84906166,388.11055994
2018-12-14 09:11:00,3269.4,3262.1,3269.5,3262,44.77494897
2018-12-14 09:12:00,3262,3266.7,3267,3262,24.93353345
2018-12-14 09:13:00,3266.7,3271.1,3275.2,3266.7,50.73381069
2018-12-14 09:14:00,3271.1,3270,3275.6,3269.1,96.46504355
2018-12-14 09:15:00,3270,3267.6,3270,3267.2,9.97103854
2018-12-14 09:16:00,3267.2,3267.3,3269.1,3267.2,13.49934332
2018-12-14 09:17:00,3267.3,3271.9,3272.9,3267.3,30.63019002
2018-12-14 09:18:00,3271.1,3270,3271.1,3270,16.46582305
2018-12-14 09:19:00,3268.4,3270,3270,3268.3,12.53689479
2018-12-14 09:20:00,3270.1,3277,3288.8,3270.1,180.78646301
2018-12-14 09:21:00,3277.1,3278.68480834,3280,3275,41.42716346
2018-12-14 09:22:00,3278.6,3278.23270067,3279,3275,27.44207242
2018-12-14 09:23:00,3275,3275.8,3279.1,3275,29.52713846
2018-12-14 09:24:00,3275.8334048,3275.0394986,3275.85913541,3275,2.12483896
2018-12-14 09:25:00,3275,3264.3,3275,3263.3,63.21712809
2018-12-14 09:26:00,3264.4,3262.3,3264.4,3262,2.59824723
2018-12-14 09:27:00,3262.2,3262.3,3262.3,3262.2,15.70678851
2018-12-14 09:28:00,3262.2,3262.2,3262.3,3262.2,5.1799424
2018-12-14 09:29:00,3262.2,3262.3,3262.3,3262.2,1.3352
2018-12-14 09:30:00,3262.2,3261,3262.2,3261,58.84948644
2018-12-14 09:31:00,3261,3260,3261.1,3260,32.26520964
2018-12-14 09:32:00,3260.1,3260,3260.1,3260,1.91496
2018-12-14 09:33:00,3260,3260.1,3260.2,3260,17.34458687
2018-12-14 09:34:00,3260,3262.8,3262.8,3260,6.99345744
2018-12-14 09:35:00,3262.3,3264.7,3264.7,3262.3,15.31209927
2018-12-14 09:36:00,3263.7,3264.5,3264.7,3262.7,5.70832138
2018-12-14 09:37:00,3264,3269.2,3274.2,3262.8,42.7523051
2018-12-14 09:38:00,3269.5,3269.9,3273.6,3269,29.56849742
2018-12-14 09:39:00,3269.9,3270.9,3271,3267.5,5.89713215
2018-12-14 09:40:00,3270.6,3270.7,3270.7,3270.2,0.69822825
2018-12-14 09:41:00,3270.6,3270.6,3270.91658558,3270,5.00964246
2018-12-14 09:42:00,3270.6,3270.6,3270.6905062,3270.6,1.3656984
2018-12-14 09:43:00,3270.6905062,3270.80354589,3270.80354589,3270.6905062,10.58700364
2018-12-14 09:44:00,3270.8,3272.5,3272.7,3270.8,7.37821163
2018-12-14 09:45:00,3272.5,3272.6,3272.6,3272.5,0.8227451
2018-12-14 09:46:00,3272.6,3272.5,3272.6,3272.5,1.26027936
2018-12-14 09:47:00,3272.5,3271.3,3272.5526617,3270.8,2.4416049
2018-12-14 09:48:00,3271.3,3270.00796429,3271.3,3270.00796429,6.19667189
2018-12-14 09:49:00,3270,3262.9,3270,3262.9,26.35187749
2018-12-14 09:50:00,3264.1721322,3260.6434882,3264.1721322,3260,12.13867143
2018-12-14 09:51:00,3260.6,3263.6,3263.6,3258.5,33.0421524
2018-12-14 09:52:00,3264.2,3265.2,3265.2,3263.3,3.92812301
2018-12-14 09:53:00,3265.4,3268.8,3268.8,3265.3,8.11375594
2018-12-14 09:54:00,3268.4,3268.3,3269.5,3268.3,0.55026146
2018-12-14 09:55:00,3268.2,3266.2,3268.2,3266.2,3.06413112
2018-12-14 09:56:00,3266.5,3266.2,3266.8,3266.2,2.61296894
2018-12-14 09:57:00,3266,3263.2,3266,3262.9990279,8.77499998
2018-12-14 09:58:00,3263.2493352,3263.2493352,3263.2493352,3263.2,2.583114
2018-12-14 09:59:00,3264.3965644,3264.308316,3264.4,3264.308316,1.50555994
2018-12-14 10:00:00,3264.4,3265.9,3266,3264.3,7.80697256
2018-12-14 10:01:00,3266,3266,3266,3265,13.75191817
2018-12-14 10:02:00,3266,3266,3266,3266,0.11011935
2018-12-14 10:03:00,3265.9,3266.1,3266.2,3264.9,8.37479256
2018-12-14 10:04:00,3266.2,3267.1,3267.2,3266.2,0.72181949
2018-12-14 10:05:00,3267.2,3268.8,3268.8,3267.2,0.80564358
2018-12-14 10:06:00,3268.9,3270,3270,3268.9,3.91371691
2018-12-14 10:07:00,3270.1,3271.5,3275.9,3270.1,62.86570841
2018-12-14 10:08:00,3271.4,3266.6,3271.4,3265.2,42.12387838
2018-12-14 10:09:00,3266.1,3266.1,3266.1,3266,1.00795512
2018-12-14 10:10:00,3268.16225953,3265.9,3268.16225953,3265.8,1.72856174
2018-12-14 10:11:00,3265,3264,3265,3264,0.53265744
2018-12-14 10:12:00,3264,3263.7,3264.0852992,3263.5,2.40276553
2018-12-14 10:13:00,3264.3,3264.350012,3264.350012,3264.3,1.46877872
2018-12-14 10:14:00,3264.350012,3264.3,3264.350012,3264.3,0.73876376
2018-12-14 10:15:00,3264.350012,3264.3,3264.350012,3264.3,1.55761941
2018-12-14 10:16:00,3264.3,3264.3,3264.4,3264.3,2.28136734
2018-12-14 10:17:00,3264.4,3264.4,3264.6,3264.3766633,3.39497223
2018-12-14 10:18:00,3264.3,3264.5,3264.6,3263.8,1.98402607
2018-12-14 10:19:00,3264.2,3264.5,3264.7,3264.2,5.519851
2018-12-14 10:20:00,3264.7,3264.2,3264.9,3264.2,1.89525655
2018-12-14 10:21:00,3264.4,3264.8,3264.9,3264.4,2.1201
2018-12-14 10:22:00,3264.9,3264.2,3264.9,3264.2,0.77325
2018-12-14 10:23:00,3264.2,3264.5,3264.5,3264.2,9.94648302
2018-12-14 10:24:00,3264.5,3264.5,3264.5,3264.5,0.05
2018-12-14 10:25:00,3264.5,3264.5,3264.5,3264.4,0.62377025
2018-12-14 10:26:00,3264.5,3264.5,3264.5,3264.4,6.42159517
2018-12-14 10:27:00,3264.4,3270.54554281,3270.54554281,3264.4,13.14875065
2018-12-14 10:28:00,3267.9,3268.4,3272,3267.83430337,25.2494167
2018-12-14 10:29:00,3267.8,3267.1,3267.9,3266.1,4.04542795
2018-12-14 10:30:00,3266.9,3270.54554281,3270.54554281,3266.9,4.15180528
2018-12-14 10:31:00,3268.1,3268.4,3270.4,3267,7.71825197
2018-12-14 10:32:00,3267.3,3268.2,3268.8,3266.9,17.89351159
2018-12-14 10:33:00,3267.9,3267.4,3268.2,3267.4,6.12702437
2018-12-14 10:34:00,3267.5,3268.1,3270,3267.5,0.44186605
2018-12-14 10:35:00,3268.2,3267.5,3268.2,3267.5,1.12321447
2018-12-14 10:36:00,3267.4,3264.2,3267.4,3264.2,6.81177547
2018-12-14 10:37:00,3264.1,3262.9,3264.1,3262.1,8.46749569
2018-12-14 10:38:00,3262.9,3254.9,3262.9,3254.6,100.50522596
2018-12-14 10:39:00,3254.9,3249.9,3254.9,3249.9,99.26081676
2018-12-14 10:40:00,3250,3264.9,3264.9,3249.9,78.68273562
2018-12-14 10:41:00,3264.8,3260.8,3264.9,3258.1,21.56822718
2018-12-14 10:42:00,3260.7,3257.2,3260.7,3257.2,5.1745823
2018-12-14 10:43:00,3257.1,3259.6,3263.0285815,3256.3,9.57024405
2018-12-14 10:44:00,3260.8,3258.2,3267.6,3258,54.566186
2018-12-14 10:45:00,3259.1,3257.2,3259.1,3257.1,1.48697401
2018-12-14 10:46:00,3257.1,3250,3258.33937143,3250,61.23949488
2018-12-14 10:47:00,3249.97741154,3258.9,3260.4,3249.97741154,361.99791852
2018-12-14 10:48:00,3259.3,3262.4,3265.8,3258,9.40377991
2018-12-14 10:49:00,3264.5,3267,3267.7,3264.5,16.56147595
2018-12-14 10:50:00,3266.5,3262,3266.5,3262,3.48695774
2018-12-14 10:51:00,3262.1,3262.4,3263.1,3262,1.09034981
2018-12-14 10:52:00,3263.1,3263.3,3264.8,3263.1,3.0407406
2018-12-14 10:53:00,3263.3,3265.8,3268.3,3263,8.82439756
2018-12-14 10:54:00,3265.2,3267,3267,3264.9,2.11820789
2018-12-14 10:55:00,3266.2,3266.1,3268,3266.1,4.36407147
2018-12-14 10:56:00,3266.0834539,3267.89185391,3268.3,3266,5.24069402
2018-12-14 10:57:00,3267.89185391,3260,3267.89185391,3259.8,20.50672354
2018-12-14 10:58:00,3259.9,3264.8,3267.2,3259.9,46.34223377
2018-12-14 10:59:00,3264.8,3263.5,3264.8,3263.5,2.206
2018-12-14 11:00:00,3262.9,3265.3,3267,3262.5,6.84019107
2018-12-14 11:01:00,3265.1,3261.1,3265.3,3261,6.45860519
2018-12-14 11:02:00,3262,3261,3262,3261,10.66039843
2018-12-14 11:03:00,3260.1,3260.7,3260.8,3258,11.48425425
2018-12-14 11:04:00,3260.8,3259.9,3260.8,3258.84985383,6.15978796
2018-12-14 11:05:00,3259.9,3260.7,3260.8,3259.9,3.78565158
2018-12-14 11:06:00,3260.7,3263.9,3263.9,3260.7,10.25870967
2018-12-14 11:07:00,3262.4,3263.3,3263.3,3261.5,4.32509863
2018-12-14 11:08:00,3263.34530707,3260.7,3263.34530707,3260.7,13.56315621
2018-12-14 11:09:00,3260.8,3260.1,3260.8,3260.1,21.61678506
2018-12-14 11:10:00,3260.1,3268.3,3268.3,3260.1,27.47587396
2018-12-14 11:11:00,3265.3,3263.1,3266.6,3263,4.6104465
2018-12-14 11:12:00,3263,3262.4,3263,3262.3,1.54831829
2018-12-14 11:13:00,3262.4,3263.1,3263.1,3262.4,6.17043927
2018-12-14 11:14:00,3263,3263.1,3263.1,3263,0.05280642
2018-12-14 11:15:00,3263,3267.2,3267.3,3263,10.12263309
2018-12-14 11:16:00,3267.2,3267.5,3267.5,3267.2,2.62440748
2018-12-14 11:17:00,3267.5,3267.5,3267.5,3267.4,10.3888365
2018-12-14 11:18:00,3267.4,3266.2,3267.4,3266.2,7.10720632
2018-12-14 11:19:00,3266.3,3265.1,3266.3,3265.1,4.666418
2018-12-14 11:20:00,3265,3264,3265,3264,4.56896783
2018-12-14 11:21:00,3264.1,3265.2,3266.2,3264.1,4.02961828
2018-12-14 11:22:00,3265.2,3265.5,3267.5,3264.8,2.8665244
2018-12-14 11:23:00,3265,3266.17715088,3267.1,3265,5.93886422
2018-12-14 11:24:00,3266.7,3266.7,3267,3266.3,3.86338996
2018-12-14 11:25:00,3266.6292795,3266.3,3266.7,3266.3,0.84170141
2018-12-14 11:26:00,3266.34414768,3266.4,3266.4,3266.3,3.45102407
2018-12-14 11:27:00,3266.3,3266.4,3266.4,3266.3,1.25539241
2018-12-14 11:28:00,3266.34414768,3266.1,3266.34414768,3265,23.7936212
2018-12-14 11:29:00,3266,3265.8,3266.1,3265.4,0.58784865
2018-12-14 11:30:00,3266.2,3265.8,3266.2,3265.8,1.52802501
2018-12-14 11:31:00,3265.8,3269.8,3274.9,3265.8,109.95329454
2018-12-14 11:32:00,3267.8,3268.5,3269,3267.8,6.19867043
2018-12-14 11:33:00,3268.5,3268.5,3268.5,3268.5,1.25657997
2018-12-14 11:34:00,3268.6,3268.6,3268.6,3268.5,0.67663
2018-12-14 11:35:00,3268.6,3274.1,3275,3268.6,31.46129629
2018-12-14 11:36:00,3274.1,3274,3274.7,3274,24.53857995
2018-12-14 11:37:00,3274.1,3274.1,3274.1,3274,0.14879249
2018-12-14 11:38:00,3274,3274,3274.1,3274,6.09509655
2018-12-14 11:39:00,3274.1,3274.1,3274.1,3274,4.64079977
2018-12-14 11:40:00,3274.1,3274.1,3274.1,3274,0.81792651
2018-12-14 11:41:00,3274,3274.1,3274.1,3274,1.864
2018-12-14 11:42:00,3274,3274,3274.1,3274,4.80144727
2018-12-14 11:43:00,3274.1,3274,3274.1,3274,1.21549076
2018-12-14 11:44:00,3274.1,3274,3274.1,3274,0.809816
2018-12-14 11:45:00,3274.1,3274.1,3274.1,3274,1.59287656
2018-12-14 11:46:00,3274,3274,3274.1,3274,3.76856495
2018-12-14 11:47:00,3274.1,3274,3274.1,3274,1.24133774
2018-12-14 11:48:00,3274,3274,3274.1,3274,3.33531189
2018-12-14 11:49:00,3274.1,3268.4,3274.1,3266.7,60.60912718
2018-12-14 11:50:00,3268.4,3268.3,3268.4,3268.3,8.2276
2018-12-14 11:51:00,3268.3,3268.4,3268.4,3268.3,0.57152
2018-12-14 11:52:00,3268.4,3268.3,3268.4,3268.3,0.36002261
2018-12-14 11:53:00,3268.3,3268.4,3268.4,3268.3,2.47923074
2018-12-14 11:54:00,3268.4,3268.4,3268.4,3268.3,0.28343451
2018-12-14 11:55:00,3268.3,3268.4,3268.4,3268.3,0.91531
2018-12-14 11:56:00,3268.4,3268.4,3268.4,3268.3,0.0375683
2018-12-14 11:57:00,3268.3,3268.3,3268.3,3268.3,1.98071909
2018-12-14 11:58:00,3268.330728,3268.3,3268.330728,3268.3,0.19946601
2018-12-14 11:59:00,3268.330728,3268.330728,3268.330728,3268.3,0.32002562
2018-12-14 12:00:00,3268.3,3262.3,3268.3,3262.3,13.56483975
2018-12-14 12:01:00,3264.1,3264,3264.1,3264,0.62823619
2018-12-14 12:02:00,3264,3264.1,3264.1,3263.3,13.0376116
2018-12-14 12:03:00,3264.034904,3269.574256,3269.574256,3264,18.1224474
2018-12-14 12:04:00,3266.861104,3267.6,3268.2,3266.861104,0.5847842
2018-12-14 12:05:00,3267.6,3267.6,3267.6,3267.566685,1.1
2018-12-14 12:06:00,3267.6,3267.6,3267.6,3267.6,9.02989294
2018-12-14 12:07:00,3267.6,3270,3270,3267.6,10
2018-12-14 12:08:00,3267.5,3270.7,3270.7,3267.2,11.52829358
2018-12-14 12:09:00,3270.7,3271,3271,3270.7,1.99604668
2018-12-14 12:10:00,3271,3270.9,3271,3270.9,2.68319791
2018-12-14 12:11:00,3271,3273.46732221,3274.3,3271,20.98092
2018-12-14 12:12:00,3271.1,3274,3274,3270.9,14.37323563
2018-12-14 12:13:00,3272.1,3274.8,3274.8,3271.5,6.62643488
2018-12-14 12:14:00,3273.1,3273.5,3274.8,3273.1,0.55275125
2018-12-14 12:15:00,3273.4,3273.5,3273.5,3273.4,4.31882996
2018-12-14 12:16:00,3273.5,3271.6,3273.5,3271.5,3.08324361
2018-12-14 12:17:00,3271.6,3271.5,3271.6,3271.5,1.14429799
2018-12-14 12:18:00,3271.5,3271.3,3271.6,3271.3,31.60181302
2018-12-14 12:19:00,3271.2,3270.7,3271.2,3270.7,10.82813695
2018-12-14 12:20:00,3270.8,3270.8,3270.8,3270.7,0.14691319
2018-12-14 12:21:00,3270.7,3270.8,3270.8,3270.7,0.24799995
2018-12-14 12:22:00,3270.8,3270.8,3270.8,3270.7,1.2377693
2018-12-14 12:23:00,3270.7,3271.5,3273,3270.7,4.14877062
2018-12-14 12:24:00,3271.7,3271.7,3271.7,3271.7,0.02501634
2018-12-14 12:25:00,3271.4,3271.4,3271.4,3271.4,0.13993
2018-12-14 12:26:00,3271.4,3271.5,3271.5,3271.4,1.98096638
2018-12-14 12:27:00,3271.4,3271.5,3271.5,3271.4,2.21481671
2018-12-14 12:28:00,3271.4,3271.7,3271.7,3271.4,0.41011399
2018-12-14 12:29:00,3271.6,3271.4,3271.6,3271.4,3.05492537
2018-12-14 12:30:00,3271.4,3271.4,3271.4,3271.4,0.02455905
2018-12-14 12:31:00,3271.4,3271.4,3271.4,3271.4,0.90801431
2018-12-14 12:32:00,3271.7,3271.76511381,3271.76511381,3271.7,0.43163175
2018-12-14 12:33:00,3271.7,3271.7,3271.7,3271.7,0.91515712
2018-12-14 12:34:00,3271.9,3271.9,3271.9,3271.9,0.005
2018-12-14 12:35:00,3272,3272.9,3272.9,3272,3.67505032
2018-12-14 12:36:00,3273,3274,3274,3273,2
2018-12-14 12:37:00,3272.9,3272.9,3272.9829869,3272.9,0.1819249
2018-12-14 12:38:00,3272.9,3272.9,3273,3272.9,1.87845059
2018-12-14 12:39:00,3273,3272.9,3273,3272.9,3.60025055
2018-12-14 12:40:00,3272.9,3272.5,3272.9,3271.4,11.30138331
2018-12-14 12:41:00,3272.2,3272.3,3272.3,3272.2,0.82252373
2018-12-14 12:42:00,3272.2,3272.1,3272.2,3272.1,0.78966359
2018-12-14 12:43:00,3272.3,3273,3273,3272.2,0.15780674
2018-12-14 12:44:00,3272.8,3272.4,3273,3272.2,0.43498206
2018-12-14 12:45:00,3272.5,3272.1,3272.8,3272.1,2.2567628
2018-12-14 12:46:00,3272.1,3272,3272.1,3272,5.42451051
2018-12-14 12:47:00,3272,3272,3272,3272,0.14
2018-12-14 12:48:00,3272,3272,3272.1,3272,1.53923189
2018-12-14 12:49:00,3272.1,3272.1,3272.1,3272.1,0.11126433
2018-12-14 12:50:00,3272,3253.1,3272,3253,161.23800746
2018-12-14 12:51:00,3253.0369196,3255,3255.1,3253.0369196,0.95025848
2018-12-14 12:52:00,3255,3253.4,3255.0663177,3253,23.87609039
2018-12-14 12:53:00,3255.6,3254.6,3255.6,3254.4,1.20538296
2018-12-14 12:54:00,3254.6,3255,3255,3254.6,1.78655171
2018-12-14 12:55:00,3255.3,3256,3256,3255.3,5.01382884
2018-12-14 12:56:00,3256,3256,3256,3256,3.87670573
2018-12-14 12:57:00,3255.9,3254.6,3255.9,3254.6,2.79960124
2018-12-14 12:58:00,3254.7,3255.9,3255.92016027,3254.7,4.88605541
2018-12-14 12:59:00,3255.9,3254.6,3256,3254.6,1.45226808
2018-12-14 13:00:00,3254.7,3254.6,3255,3254.6,0.71235209
2018-12-14 13:01:00,3254.6,3256,3256,3254.6,2.16980228
2018-12-14 13:02:00,3255.878328,3255.9,3256,3255.878328,8.00549821
2018-12-14 13:03:00,3255.9,3255.9,3256,3255.9,1.29295916
2018-12-14 13:04:00,3256,3263.15503598,3263.15503598,3256,22.85707388
2018-12-14 13:05:00,3261.4,3262.7,3263.4,3260.8,19.96990649
2018-12-14 13:06:00,3262.8,3259.19846332,3262.8,3259.19846332,3.84979642
2018-12-14 13:07:00,3259.1,3258.7,3259.1,3258.63323866,0.46742148
2018-12-14 13:08:00,3258.6,3257.4,3258.7,3256,5.71628559
2018-12-14 13:09:00,3256.7,3257.4,3257.4,3256.37234,0.57231833
2018-12-14 13:10:00,3258.6,3258.7,3258.7,3258.6,2.15800197
2018-12-14 13:11:00,3258.6,3258.63323866,3258.7,3258.6,0.03659638
2018-12-14 13:12:00,3258.63323866,3258,3258.63323866,3257.61583426,1.44510132
2018-12-14 13:13:00,3257.9,3256.6,3257.9,3256.25929507,2.15818274
2018-12-14 13:14:00,3256.5,3255,3256.5,3251.1,8.69731288
2018-12-14 13:15:00,3254.9,3251.2,3254.9,3250,10.79662463
2018-12-14 13:16:00,3251.2,3250.17666949,3251.2,3250.1,4.97909836
2018-12-14 13:17:00,3250.1,3242.4,3250.1,3237.6,192.88890928
2018-12-14 13:18:00,3240.2,3235.4,3240.2,3230,106.17844498
2018-12-14 13:19:00,3235.4,3233.7,3241,3232.3,76.89190359
2018-12-14 13:20:00,3233.7,3235.4,3236.1,3231.4,31.63952047
2018-12-14 13:21:00,3235.5,3235.4,3235.6,3234.8,11.59322729
2018-12-14 13:22:00,3235.4,3230.7,3235.4,3230,8.07884179
2018-12-14 13:23:00,3231.3,3232,3233.4,3230,38.84408134
2018-12-14 13:24:00,3231.9,3238.4,3239.3,3230.5,18.17528152
2018-12-14 13:25:00,3238.30522028,3233.9,3238.30522028,3233.9,1.09644435
2018-12-14 13:26:00,3234.1,3234.89349572,3234.89349572,3234.1,1.13017022
2018-12-14 13:27:00,3234.8,3230.25881587,3234.8,3230,8.29356436
2018-12-14 13:28:00,3230.1,3227.7,3230.1,3224,49.5211839
2018-12-14 13:29:00,3227.7,3228,3228,3227.7,7.06505626
2018-12-14 13:30:00,3228,3237.5,3237.5,3227.9,50.53870231
2018-12-14 13:31:00,3235.6,3239,3243.5,3235.6,131.28292652
2018-12-14 13:32:00,3239.1,3236.4,3239.1,3235.7,33.86226948
2018-12-14 13:33:00,3236.8,3228.6,3237.1,3226.6,34.4084602
2018-12-14 13:34:00,3229.1,3227.4,3230.3,3227.4,9.17550245
2018-12-14 13:35:00,3227.9,3232.9,3232.9,3227.9,14.99592897
2018-12-14 13:36:00,3232.4,3233.5,3233.5,3228.9,7.44154776
2018-12-14 13:37:00,3232.9,3231.3,3233.6,3231.3,5.57199027
2018-12-14 13:38:00,3231.7,3233.6,3236.80421,3230,15.13402378
2018-12-14 13:39:00,3233.6,3234.2,3234.5,3233.6,1.39952233
2018-12-14 13:40:00,3233.4,3231.2,3233.4,3228.5,27.8750683
2018-12-14 13:41:00,3231.3,3228.1,3231.6,3228,5.79622613
2018-12-14 13:42:00,3228,3230,3230,3226,22.22573959
2018-12-14 13:43:00,3230,3235.5,3235.5,3230,32.04819371
2018-12-14 13:44:00,3235.5,3235.5,3235.5,3235.5,1.025
2018-12-14 13:45:00,3235.6,3235.8,3235.8,3234.7,11.0428636
2018-12-14 13:46:00,3234.96168028,3234.96168028,3234.96168028,3234.96168028,0.0049
2018-12-14 13:47:00,3234.96168028,3231.2,3235,3230.6,11.45545675
2018-12-14 13:48:00,3230.7,3231.4,3232.1,3228.6,11.12014072
2018-12-14 13:49:00,3231.4,3231.4,3231.4,3231.3,1.23674337
2018-12-14 13:50:00,3231.3,3230,3231.4,3230,22.04443409
2018-12-14 13:51:00,3230,3230,3230.0408238,3230,0.37533158
2018-12-14 13:52:00,3230,3230,3230,3230,1.58532399
2018-12-14 13:53:00,3230,3230,3230.10149537,3230,8.88195051
2018-12-14 13:54:00,3230.0408238,3240.6,3240.6,3230.0408238,136.69035159
2018-12-14 13:55:00,3240.6,3246.8,3250,3240.6,123.21799338
2018-12-14 13:56:00,3246.8,3241.4,3246.8,3238.4,23.33606056
2018-12-14 13:57:00,3241.4,3245.7,3246.3,3240.2,8.14266285
2018-12-14 13:58:00,3246.2,3247,3248.2,3244.7,5.33920242
2018-12-14 13:59:00,3248,3246.2,3249.9,3242.77595192,16.38771365
2018-12-14 14:00:00,3247.8,3250,3250,3247.4,11.32494834
2018-12-14 14:01:00,3250,3270.1,3278.4,3250,142.42371649
2018-12-14 14:02:00,3269.4,3267.2186624,3273.7,3267.2186624,31.7697617
2018-12-14 14:03:00,3267.2186624,3261.3,3267.2186624,3260.8,7.87129096
2018-12-14 14:04:00,3262.3,3263.5,3265,3262.3,2.91017903
2018-12-14 14:05:00,3264.3,3269.4,3271.36707636,3264.3,9.39197792
2018-12-14 14:06:00,3269.3,3289.9,3290,3269.3,152.8406909
2018-12-14 14:07:00,3288.7,3284.9,3290,3282,69.93008643
2018-12-14 14:08:00,3284.9,3310.9,3311,3284.8,317.67030812
2018-12-14 14:09:00,3311,3312.9,3319.2,3301.6,180.40212077
2018-12-14 14:10:00,3312.5,3323.9,3332.9,3312.5,315.71143492
2018-12-14 14:11:00,3323.9,3315.5,3335.6,3313.2,146.47558046
2018-12-14 14:12:00,3314.5,3312.56207043,3322.8,3312.56207043,26.12208814
2018-12-14 14:13:00,3312.7,3301.9,3312.8,3300.9,43.767464
2018-12-14 14:14:00,3302,3305.3,3306.1,3300,23.34472546
2018-12-14 14:15:00,3305.4,3305.8,3306.1,3305.4,2.06074116
2018-12-14 14:16:00,3305.9,3302.7,3305.9,3302,4.36764482
2018-12-14 14:17:00,3302.7,3299.8,3302.7,3296,36.44808516
2018-12-14 14:18:00,3298,3296,3299.83542833,3296,10.21020929
2018-12-14 14:19:00,3296,3295.4,3296,3292.7,23.76673956
2018-12-14 14:20:00,3295.5,3292,3295.6,3290.5,35.46493613
2018-12-14 14:21:00,3292,3295.41949347,3295.41949347,3291.9180854,14.71730696
2018-12-14 14:22:00,3295.41949347,3295.9,3295.9,3295.41949347,7.39675017
2018-12-14 14:23:00,3295.9,3300.7,3301.1,3295.8,9.2611479
2018-12-14 14:24:00,3301.1,3306,3306,3301.1,10.67364061
2018-12-14 14:25:00,3304.7,3304.2,3306.1,3304.2,16.77033576
2018-12-14 14:26:00,3304.5,3300.8,3306.1,3300.7,18.11131203
2018-12-14 14:27:00,3300.5,3305.7,3305.7,3300.4,8.49641262
2018-12-14 14:28:00,3305.7,3302.7,3306.1,3302.6,11.29961067
2018-12-14 14:29:00,3302.7,3301.5,3305,3299.6,18.62147964
2018-12-14 14:30:00,3301.6,3304.9,3304.9,3301.6,7.04298943
2018-12-14 14:31:00,3303.9,3301.6,3303.9886852,3301.6,5.90050248
2018-12-14 14:32:00,3301.1,3300.5,3304,3300,7.3016048
2018-12-14 14:33:00,3300.5,3300.1,3303,3298,9.81565019
2018-12-14 14:34:00,3300.9,3300.2,3304,3299.4,5.49278679
2018-12-14 14:35:00,3303,3303.3,3304,3301,5.26009972
2018-12-14 14:36:00,3303.8,3304.9,3305,3303.3,5.592
2018-12-14 14:37:00,3304.9,3304.5,3305.8,3303.4,9.38334367
2018-12-14 14:38:00,3304.5,3305.2,3306.1,3304.4,7.27690333
2018-12-14 14:39:00,3305.1,3306.1,3306.1,3305.1,1.90636864
2018-12-14 14:40:00,3306.1,3309.7,3310,3306,4.27638937
2018-12-14 14:41:00,3309.5,3311.2,3313.7,3309.1,7.01432671
2018-12-14 14:42:00,3313,3313.2,3318,3311.4,7.44829988
2018-12-14 14:43:00,3313.2,3312.6,3314.8,3311.4,5.52841556
2018-12-14 14:44:00,3312.5,3309.5,3312.5,3309.4,15.13215383
2018-12-14 14:45:00,3309.4,3305.7,3309.5,3303.72138319,5.5820636
2018-12-14 14:46:00,3306.3,3306.2,3306.3,3306.2,0.16880062
2018-12-14 14:47:00,3306.3,3305,3309.1,3305,7.0047
2018-12-14 14:48:00,3305.3,3306.6,3309.2,3305.3,3.34345969
2018-12-14 14:49:00,3306.6,3307,3307,3306.6,7.69120558
2018-12-14 14:50:00,3307,3307.1,3307.1,3307,1.015
2018-12-14 14:51:00,3307,3308.3,3309,3307,1.05230042
2018-12-14 14:53:00,3307,3307,3310,3307,10.53514307
2018-12-14 14:54:00,3307.1,3307,3307.1,3307,3.53299999
2018-12-14 14:55:00,3307,3307,3307.1,3307,0.65018174
2018-12-14 14:56:00,3307.00112851,3306.7,3307.1,3306.7,0.4345
2018-12-14 14:57:00,3306.7,3300.89401654,3306.7,3300.6,10.89828011
2018-12-14 14:58:00,3300.9,3300.6,3304.8,3300.6,4.03519097
2018-12-14 14:59:00,3300.6,3300.6,3300.7,3300.6,6.60063125
2018-12-14 15:00:00,3300.7,3300.9,3300.9,3300.6,5.78323313
2018-12-14 15:01:00,3300.8,3300.7,3300.9,3300.6,1.29671435
2018-12-14 15:02:00,3300.8,3300.6,3301,3300.6,7.88813282
2018-12-14 15:03:00,3300.7,3300.1,3300.9,3300,7.00206432
2018-12-14 15:04:00,3300.5,3298.6,3300.6,3298.4,2.0137458
2018-12-14 15:05:00,3298.5,3298,3298.6,3298,5.25816665
2018-12-14 15:06:00,3298,3298,3298.1,3298,1.17408115
2018-12-14 15:07:00,3298.06664989,3296.8,3298.1,3296.8,8.66066057
2018-12-14 15:08:00,3296.82260857,3285.1,3296.9,3284.2,75.70634909
2018-12-14 15:09:00,3285.5,3283.4,3285.8,3282.2,11.64414833
2018-12-14 15:10:00,3284,3284,3284,3284,43.95961131
2018-12-14 15:11:00,3283.9,3283.9,3284,3283.9,2.21151196
2018-12-14 15:12:00,3283.9,3284,3284,3283.9,1.64700004
2018-12-14 15:13:00,3284,3286.7,3286.7,3284,4.41709726
2018-12-14 15:14:00,3286.7,3286.3,3286.7,3286.3,1.05877201
2018-12-14 15:15:00,3286,3288.6,3288.6,3285.6,0.93773522
2018-12-14 15:16:00,3289.6,3288.4,3289.6,3287.1,0.37165759
2018-12-14 15:17:00,3289.8,3290.7,3294.1,3289.3,3.73324566
2018-12-14 15:18:00,3292.1,3291.8,3295.1,3291.4,2.3104638
2018-12-14 15:19:00,3291.7333486,3289.8,3291.8,3288.3,0.63755364
2018-12-14 15:20:00,3288.7,3288.9,3288.9,3288.7,0.18216167
2018-12-14 15:21:00,3288.8,3288.9,3288.9,3288.8,0.08842157
2018-12-14 15:22:00,3290,3286.4,3290,3286.4,0.68136298
2018-12-14 15:23:00,3289.2,3287.9,3290,3287.8,1.9515665
2018-12-14 15:24:00,3287.9,3288,3288,3287,5.27001005
2018-12-14 15:26:00,3288,3288,3288,3288,0.0694795
2018-12-14 15:27:00,3287.9,3287.9,3288,3287.9,1.03604633
2018-12-14 15:28:00,3288,3290,3290,3288,4.30442428
2018-12-14 15:29:00,3290,3289.9,3290,3289.9,0.282207
2018-12-14 15:30:00,3289.92383394,3290,3290,3289.9,7.50513725
2018-12-14 15:31:00,3289.9,3288.9,3289.9,3288.9,23.8624799
2018-12-14 15:32:00,3289,3289,3289,3288.9,0.43714904
2018-12-14 15:33:00,3289,3290,3290,3288.9,1.61599996
2018-12-14 15:34:00,3288.9,3285,3289.1,3285,15.51989498
2018-12-14 15:35:00,3286.4,3289.2,3289.2,3286.4,0.05872707
2018-12-14 15:36:00,3289.3,3289.2,3289.3,3289.2,0.3142778
2018-12-14 15:37:00,3289.2,3286.1,3289.2,3284.6,3.16740053
2018-12-14 15:38:00,3286.5,3287.2,3287.6,3286.5,3.96969468
2018-12-14 15:39:00,3287.3,3284.6,3287.3,3284.6,5.11067078
2018-12-14 15:40:00,3287.2,3286.1,3287.2,3284.6,0.16114033
2018-12-14 15:41:00,3285.5,3283.1,3285.5,3283,7.55763109
2018-12-14 15:42:00,3284.6,3285.7,3289,3284.6,10.926677
2018-12-14 15:43:00,3285.8,3286,3289.5,3285.7,2.97078417
2018-12-14 15:44:00,3286.6,3286.5,3288.5,3286.41789929,1.65587095
2018-12-14 15:45:00,3286.5,3278.4,3286.5,3278.3,54.70233112
2018-12-14 15:46:00,3278.3,3277.3,3279.4,3276.8,4.47500355
2018-12-14 15:47:00,3277.3,3276.5,3277.9,3276.5,10.17184611
2018-12-14 15:48:00,3276.6,3275.7,3276.6,3275.6,7.49081006
2018-12-14 15:49:00,3275.7,3274.2,3275.7,3272.3,5.15954682
2018-12-14 15:50:00,3273.4,3276,3276,3273.1,0.36
2018-12-14 15:51:00,3275.9,3279.97150333,3279.97150333,3275.9,7.9271613
2018-12-14 15:52:00,3279.9,3279.1,3280.9,3279.1,1.38448522
2018-12-14 15:53:00,3279.1,3276.1,3279.1,3275.9,4.85241847
2018-12-14 15:54:00,3276,3278,3278,3275,2.31059023
2018-12-14 15:55:00,3276.3,3276.3,3276.4,3276.3,3.57272396
2018-12-14 15:56:00,3276.4,3279.1,3279.1,3276.4,1.10590538
2018-12-14 15:57:00,3279.6,3280,3280,3279.2,4.80551343
2018-12-14 15:58:00,3280,3281.21554466,3281.21554466,3280,5.50233142
2018-12-14 15:59:00,3281.9,3281.7,3282.9,3281.7,4.22247864
2018-12-14 16:00:00,3281.7,3278.7,3282.7,3277.8,3.92570084
2018-12-14 16:01:00,3278.9,3278.4,3279.40603,3278.4,6.30043234
2018-12-14 16:02:00,3277.7,3278.6,3278.7,3276.7,6.18532106
2018-12-14 16:03:00,3278.7,3278,3278.7,3274.8,22.48006512
2018-12-14 16:04:00,3278.1,3275,3278.1,3273.3,34.55947374
2018-12-14 16:05:00,3276.2,3277.9,3277.9,3276,4.35443021
2018-12-14 16:06:00,3277,3277.7,3277.7,3277,0.203741
2018-12-14 16:07:00,3277.7,3279.1,3279.1,3277,7.75684784
2018-12-14 16:08:00,3279.1,3277.1,3280.2,3277.1,3.39311612
2018-12-14 16:09:00,3277.1,3278.3,3279.3,3277.1,8.34490399
2018-12-14 16:10:00,3278.3,3274.4,3278.3,3274.4,33.42558144
2018-12-14 16:11:00,3274,3272,3274,3272,3.91022928
2018-12-14 16:12:00,3272.1,3272,3272.1,3272,3.22801012
2018-12-14 16:13:00,3272.1,3274.9,3274.9,3272.1,8.43254047
2018-12-14 16:14:00,3275.4,3277,3277.04382841,3275.4,7.0537439
2018-12-14 16:15:00,3277,3277.04382525,3277.04382841,3277,0.45011364
2018-12-14 16:16:00,3277,3277.03104202,3277.03104202,3277,0.83988076
2018-12-14 16:17:00,3277,3277.04382525,3277.04382525,3277,0.50958794
2018-12-14 16:18:00,3277.03104202,3277,3277.1,3277,1.86670655
2018-12-14 16:19:00,3277,3277,3277,3277,0.46512873
2018-12-14 16:20:00,3277.1,3277,3277.1,3277,5.16035432
2018-12-14 16:21:00,3277,3281,3281.1,3277,12.60237004
2018-12-14 16:22:00,3279.7,3279.7,3279.7,3279.6,0.419863
2018-12-14 16:23:00,3279.7,3281.6,3282.2,3279.6,4.56941001
2018-12-14 16:24:00,3281.6,3281.6,3281.6,3281.6,0.1
2018-12-14 16:25:00,3281.7,3282.1,3282.1,3281.7,6.04486492
2018-12-14 16:26:00,3282.1,3282.7,3282.7,3282.1,1.85469587
2018-12-14 16:27:00,3282.7,3282.7,3282.7,3282.6,4.09268305
2018-12-14 16:28:00,3282.6,3282.8,3283.3,3282.6,2.18109829
2018-12-14 16:29:00,3282.9,3283.1,3283.1,3282.9,1.84645813
2018-12-14 16:30:00,3283.1,3283.8,3285.5,3283.1,11.3175211
2018-12-14 16:31:00,3283.7,3283.3,3283.7,3283.2,1.33816272
2018-12-14 16:32:00,3283.2,3283.3,3283.3,3283.2,1.1221
2018-12-14 16:33:00,3283.8,3283.8,3285.6,3283.8,2.39990126
2018-12-14 16:34:00,3284.4,3284.4,3284.4,3284.4,0.24137885
2018-12-14 16:35:00,3284.5,3284.4,3284.5,3284.4,1.26893868
2018-12-14 16:36:00,3284.5,3284.4,3284.5,3284.4,0.50459871
2018-12-14 16:37:00,3284.5,3284.5,3284.5,3284.4,13.10604677
2018-12-14 16:38:00,3284.5,3284.5,3284.6,3284.4,1.67801446
2018-12-14 16:39:00,3284.6,3284.6,3284.6,3284.6,0.01
2018-12-14 16:40:00,3284.6,3292.3,3296.4,3284.6,35.25713068
2018-12-14 16:41:00,3291.9,3290.6,3292.3,3289.5,7.07867904
2018-12-14 16:42:00,3290.9,3290.6,3290.9,3290.1,1.649599
2018-12-14 16:43:00,3290.6,3293.1,3294.6,3290.6,3.22196533
2018-12-14 16:44:00,3293.1,3291.1,3293.5,3291.1,0.93014327
2018-12-14 16:45:00,3291.5,3291.5,3291.6,3291.5,4.74688854
2018-12-14 16:46:00,3291.6,3295.57856724,3298.9,3291.6,29.16910139
2018-12-14 16:47:00,3295,3298,3299,3295,10.00281461
2018-12-14 16:48:00,3299,3300,3300,3298.9,9.83565875
2018-12-14 16:49:00,3300,3300,3300,3299.9,3.68616779
2018-12-14 16:50:00,3296.8,3298.4,3298.4,3296.8,4.51246226
2018-12-14 16:51:00,3300,3305,3305.1,3299.9,19.33749153
2018-12-14 16:52:00,3305,3305,3305.3,3305,31.41395365
2018-12-14 16:53:00,3305.1,3303.4,3307,3303,79.87659158
2018-12-14 16:54:00,3303,3305,3305,3303,44.40447727
2018-12-14 16:55:00,3305,3306.9,3307,3305,34.19982993
2018-12-14 16:56:00,3306.9,3306.9,3307,3306.9,43.09469038
2018-12-14 16:57:00,3306.9,3303,3307,3297.8,39.12415342
2018-12-14 16:58:00,3303.1,3305.4,3307.6,3303.1,17.70382541
2018-12-14 16:59:00,3305.2,3307.2,3307.2,3305,7.57881307
2018-12-14 17:00:00,3307.1,3308,3308,3307,11.69270947
2018-12-14 17:01:00,3308,3303.1,3308,3301.8,9.47758137
2018-12-14 17:02:00,3303.2,3304,3304,3302.3,8.93999306
2018-12-14 17:03:00,3304.1,3304,3304.6,3304,34.00041186
2018-12-14 17:04:00,3304,3304,3304.1,3304,16.60891926
2018-12-14 17:05:00,3301.3,3301.2,3301.3,3301.2,3.95392803
2018-12-14 17:06:00,3301.2,3302,3302,3300,22.51114554
2018-12-14 17:07:00,3302,3302.0368178,3302.0368178,3302,1.18066851
2018-12-14 17:08:00,3302,3302,3302.1,3302,6.19331409
2018-12-14 17:09:00,3302,3302,3302,3302,9.67620845
2018-12-14 17:10:00,3302,3302,3302.0368178,3302,1.07741831
2018-12-14 17:11:00,3302,3302,3302.0368178,3302,0.64451194
2018-12-14 17:12:00,3302.0368178,3302,3302.0368178,3302,0.29097659
2018-12-14 17:13:00,3302,3302,3302.1,3302,9.52896622
2018-12-14 17:14:00,3302.0249632,3302,3302.0249632,3302,11.83568103
2018-12-14 17:15:00,3302,3298.3,3302.02495999,3298.3,25.35951798
2018-12-14 17:16:00,3296.6,3293.6,3296.6,3293.1,20.72099123
2018-12-14 17:17:00,3293.6620548,3294.3,3295,3293.6620548,9.75984109
2018-12-14 17:18:00,3294.4,3295,3295.5,3294.3,3.91001355
2018-12-14 17:19:00,3294.9,3294.9,3294.9,3294.9,3.46592232
2018-12-14 17:20:00,3294.9,3295,3295,3294.9,0.265
2018-12-14 17:21:00,3295,3296.5,3299.6,3295,13.878607
2018-12-14 17:22:00,3296.4,3296.5,3296.5,3296.4,2.89393605
2018-12-14 17:23:00,3297.4,3296,3299,3296,5.53111117
2018-12-14 17:24:00,3295.9,3295.9,3295.9,3295.9,0.17571789
2018-12-14 17:25:00,3296,3295.5,3296,3295.4,0.12801442
2018-12-14 17:26:00,3295.4,3295,3295.4,3294.7,5.90365451
2018-12-14 17:27:00,3294.5,3294.6,3294.6,3294.5,0.42
2018-12-14 17:28:00,3294.6,3296,3296,3294.5,7.68488074
2018-12-14 17:29:00,3294.9,3295,3295,3294.9,0.4050003
2018-12-14 17:30:00,3295,3294.9,3295,3294.9,0.03
2018-12-14 17:31:00,3295,3295,3295,3294.9,1.08364487
2018-12-14 17:32:00,3294.9,3295,3295,3294.9,1.19610992
2018-12-14 17:33:00,3295,3298,3298.51902856,3295,3.93694899
2018-12-14 17:35:00,3298,3298,3298,3298,0.44921961
2018-12-14 17:36:00,3298.6,3302.0249632,3302.0249632,3298.6,1.56483048
2018-12-14 17:37:00,3302.0249632,3304.6,3304.6,3302.0249632,2.97610463
2018-12-14 17:38:00,3304.5,3302.7,3305.7,3302.7,3.08421543
2018-12-14 17:39:00,3303.5,3300,3303.5,3300,2.325
2018-12-14 17:40:00,3300.1,3300,3301,3300,0.2454
2018-12-14 17:41:00,3300,3300,3300,3300,1
2018-12-14 17:42:00,3298.8,3298.8,3298.8,3298.8,0.91631427
2018-12-14 17:43:00,3298.9,3300.1,3301.34639521,3298.9,5.37720471
2018-12-14 17:44:00,3300,3300.2,3301.3,3300,0.47566661
2018-12-14 17:45:00,3300.1,3300.8,3300.8,3300.1,0.32012792
2018-12-14 17:46:00,3300.8,3300.9,3301,3300.8,2.48929612
2018-12-14 17:47:00,3301,3300.9,3301,3300.9,0.065
2018-12-14 17:48:00,3301,3301.4,3301.4,3301,4.902759
2018-12-14 17:49:00,3301.4,3301.4,3301.4,3301.4,0.2784122
2018-12-14 17:50:00,3301.4,3301,3301.4,3301,0.01
2018-12-14 17:51:00,3301,3301,3301,3301,0.005
2018-12-14 17:52:00,3301,3300.5,3301,3300.4,3.02378139
2018-12-14 17:53:00,3300.5,3300,3303.3,3300,3.27589597
2018-12-14 17:54:00,3298.7,3298.8,3298.8,3298.7,0.025
2018-12-14 17:55:00,3298.9,3298,3298.9,3298,0.84783373
2018-12-14 17:56:00,3297.9,3295.4,3297.9,3295.4,0.925
2018-12-14 17:57:00,3295.6,3297.3,3299.9,3295.4,13.06352549
2018-12-14 17:58:00,3298.17974456,3297.6,3300.6,3297.2,13.96717184
2018-12-14 17:59:00,3297.6,3297.7,3301.2,3297.6,14.47016725
2018-12-14 18:00:00,3297.2,3297.2,3300.1,3297.2,10.74933121
2018-12-14 18:01:00,3297.4,3297.3,3297.4,3297.3,1.4875383
2018-12-14 18:02:00,3297.3645816,3294.1,3297.3645816,3294.1,6.29771288
2018-12-14 18:03:00,3294.1,3294.1,3294.10833658,3294,5.21141921
2018-12-14 18:04:00,3294,3287.8,3294,3286.4,11.19247265
2018-12-14 18:05:00,3287.88812995,3287.8,3287.9,3287.8,2.96527248
2018-12-14 18:06:00,3287.8,3287.9,3287.9,3287.8,0.22427831
2018-12-14 18:07:00,3287.9,3290.3,3291.6,3287.9,10.78711374
2018-12-14 18:08:00,3290.3,3291.8,3293.6,3290.3,3.06606363
2018-12-14 18:09:00,3291.7,3291.7,3291.7,3291.7,0.12072929
2018-12-14 18:10:00,3291.7,3291.8,3291.8,3291.7,2.19301515
2018-12-14 18:11:00,3291.7,3291.7,3291.8,3291.7,0.31643168
2018-12-14 18:12:00,3291.7,3291.7,3291.8,3291.7,0.09426061
2018-12-14 18:13:00,3291.8,3290.5,3295.5,3290.2,4.78962521
2018-12-14 18:14:00,3291.5,3290.3,3291.9,3290.3,2.115
2018-12-14 18:15:00,3291.9,3290.4,3291.9,3290.4,1.11677314
2018-12-14 18:16:00,3290.5,3290.4,3290.5,3290.2,1.0175
2018-12-14 18:17:00,3290.3121496,3290.2,3290.3121496,3290.2,9.50919059
2018-12-14 18:18:00,3290.26311794,3290.2,3290.3,3290.2,5.38000516
2018-12-14 18:19:00,3290.2,3288,3290.2,3287.9,5.29430084
2018-12-14 18:20:00,3288.1,3290.2,3290.2,3288.1,4.37278616
2018-12-14 18:21:00,3290.2,3290.2,3290.2,3290.2,0.005
2018-12-14 18:22:00,3290.2,3290.2,3290.2239942,3290.2,0.49595176
2018-12-14 18:23:00,3290.2239942,3290.9,3292.2,3290.2239942,4.11819421
2018-12-14 18:24:00,3291.7,3291.7,3291.7,3291.7,0.005
2018-12-14 18:25:00,3291.1,3291.1,3291.1,3291.1,0.2658
2018-12-14 18:26:00,3291.1,3290.3,3291.1,3290,0.51125087
2018-12-14 18:27:00,3290,3290.1,3290.2,3290,0.38856359
2018-12-14 18:28:00,3290.2,3291.4581698,3291.5,3290.1,7.14642441
2018-12-14 18:29:00,3291.4581698,3296.2185614,3296.2185614,3291.4581698,14.35722988
2018-12-14 18:30:00,3296.2185614,3296.2,3296.2185614,3296.2,0.33258285
2018-12-14 18:31:00,3296.0422506,3296,3296.8,3295.5,4.619578
2018-12-14 18:32:00,3295,3295,3295,3295,0.35
2018-12-14 18:33:00,3295.1,3300.1,3300.1,3295.1,21.12384917
2018-12-14 18:34:00,3300.1,3298.6,3300.1,3298.6,3.17799998
2018-12-14 18:35:00,3295.9,3297.9,3299.4,3295.9,4.15970055
2018-12-14 18:37:00,3297.9,3296.7,3297.9,3296.7,0.02057135
2018-12-14 18:38:00,3300.1,3299.6,3300.1,3297.7,0.23758207
2018-12-14 18:39:00,3298.7,3298.3,3300.1,3298.3,3.13834339
2018-12-14 18:40:00,3298.3,3298.6,3299.2,3298,0.45901152
2018-12-14 18:41:00,3299.8,3296.7,3299.8,3296.7,1.02691872
2018-12-14 18:42:00,3296.1,3295.9,3296.1,3295.9,0.8
2018-12-14 18:43:00,3297.2,3297.1,3297.8,3295.6,7.28781829
2018-12-14 18:44:00,3297.1,3298.7,3302.1,3297.1,4.506
2018-12-14 18:45:00,3299.7,3297.04879469,3299.7,3297.04879469,3.005
2018-12-14 18:46:00,3298.7,3296.9,3298.7,3296.9,0.02079803
2018-12-14 18:48:00,3297.5,3298.5,3298.5,3297.5,0.73257195
2018-12-14 18:49:00,3297.8,3298.4,3298.5,3297.2,0.82929869
2018-12-14 18:50:00,3298.4,3299.8,3300.5,3298.4,3.47082946
2018-12-14 18:51:00,3299.2,3298.1,3299.2,3298.1,1.025
2018-12-14 18:52:00,3298.1,3298.1,3298.1,3298.1,0.3
2018-12-14 18:53:00,3298.2,3298.1,3298.2,3298.1,0.52350614
2018-12-14 18:54:00,3298.17974456,3298.2,3298.2,3298.1,0.84258151
2018-12-14 18:55:00,3298.2,3301,3303.2,3298.2,5.40160924
2018-12-14 18:56:00,3300.3,3303.3,3303.3,3300.3,1.259
2018-12-14 18:57:00,3303.4,3302.0368178,3310,3302.0368178,17.70274464
2018-12-14 18:58:00,3304.7696352,3306.9,3307,3303.2,6.79068287
2018-12-14 18:59:00,3307,3302,3307,3302,4.40529834
2018-12-14 19:00:00,3302.1,3302.2,3304.5,3302,4.064883
2018-12-14 19:01:00,3302.1,3302.1,3302.2,3302,2.704
2018-12-14 19:02:00,3302.1,3302.2,3302.2,3302.1,0.31477043
2018-12-14 19:03:00,3302.2,3303.4,3303.5,3302.1,1.60570774
2018-12-14 19:04:00,3302.3,3305.41780318,3305.41780318,3302.3,0.94317485
2018-12-14 19:05:00,3305.41780318,3306.2,3307,3305.41780318,6.38073543
2018-12-14 19:06:00,3306.3,3307,3308.3,3306.3,2.58903298
2018-12-14 19:07:00,3306.2,3306.2,3306.2,3306.2,0.06
2018-12-14 19:08:00,3306.2,3306,3306.2,3306,0.02
2018-12-14 19:09:00,3306.5,3306,3306.5,3306,0.47335205
2018-12-14 19:10:00,3306.4,3306.7,3308.4,3306.4,3.409
2018-12-14 19:11:00,3306.77493917,3306.9,3306.9,3306.77493917,1.05826597
2018-12-14 19:12:00,3308.3582645,3309,3309,3308.3,1.66658991
2018-12-14 19:13:00,3309,3309.94158982,3310,3308.9,2.94445422
2018-12-14 19:14:00,3308.7,3308.7,3308.8,3308.7,0.42230647
2018-12-14 19:15:00,3308.8,3309,3310,3308.8,7.93784534
2018-12-14 19:16:00,3308.9,3311,3311.4,3308.9,37.28467767
2018-12-14 19:17:00,3311.1,3311.4,3311.4,3311,4.45481783
2018-12-14 19:18:00,3311.7,3313.5,3316.5,3311.1,68.84047108
2018-12-14 19:19:00,3314.1,3314,3314.8,3313.5,12.37842836
2018-12-14 19:20:00,3313.9,3314.4,3314.8,3313.7,4.90190861
2018-12-14 19:21:00,3314.43030008,3314.4,3314.5,3314.4,0.7378
2018-12-14 19:22:00,3314.46537646,3314.46537646,3314.46537646,3314.4,0.54318504
2018-12-14 19:23:00,3314.46537646,3313.44752447,3314.46537646,3313.44752447,3.02559025
2018-12-14 19:24:00,3313.44752447,3310.8,3313.44752447,3310.8,3.97887761
2018-12-14 19:25:00,3310.8523578,3311.3,3311.4694456,3310.8523578,3.684985
2018-12-14 19:26:00,3311.3,3311.3,3311.3,3311.3,0.5
2018-12-14 19:27:00,3311.2,3314,3314,3311.2,2.53640963
2018-12-14 19:28:00,3313.4,3311.4,3314.3,3311,12.36221797
2018-12-14 19:29:00,3311.41182048,3311,3311.41182048,3311,1.795
2018-12-14 19:30:00,3310.62015782,3311.1,3311.1,3310.62015782,5.969877
2018-12-14 19:31:00,3311.1,3311,3311.1,3311,0.23828102
2018-12-14 19:32:00,3311,3311,3311.1,3311,0.07886965
2018-12-14 19:33:00,3311,3311,3311.1,3311,1.69615831
2018-12-14 19:34:00,3311,3310.0589592,3311.07253648,3310.0589592,1.63024779
2018-12-14 19:35:00,3310.05468449,3308.8,3310.05468449,3308.8,4.33463664
2018-12-14 19:36:00,3308.9,3308.9,3308.9,3308.8,5.490388
2018-12-14 19:37:00,3308.81064316,3306.9,3308.81064316,3305.5,13.12866106
2018-12-14 19:39:00,3306,3306,3306,3306,15
2018-12-14 19:40:00,3306.0919662,3306,3306.0919662,3306,0.36799998
2018-12-14 19:41:00,3306.0919662,3307.7,3307.7,3306.0919662,3.41
2018-12-14 19:42:00,3307.2,3306.4,3307.2,3306.3,0.18683357
2018-12-14 19:43:00,3306.4,3306.7,3307.3,3306.4,3.37373999
2018-12-14 19:44:00,3306.6,3306,3306.6,3306,0.31726158
2018-12-14 19:45:00,3307,3307.00112851,3307.1,3307,0.64144241
2018-12-14 19:46:00,3307.1,3307.00112529,3307.1,3307.00112529,3.38363371
2018-12-14 19:47:00,3307.2,3307.2,3307.2,3307.2,4.025
2018-12-14 19:48:00,3307.2,3307.2,3307.3,3307.2,6.06657958
2018-12-14 19:49:00,3307.2,3307.2,3307.2,3307.2,0.1
2018-12-14 19:50:00,3307.2,3307.2,3307.3,3307.2,0.265
2018-12-14 19:51:00,3307.3,3307.5,3307.5,3307.2,37.77521341
2018-12-14 19:52:00,3308,3308,3308,3308,4.89461875
2018-12-14 19:53:00,3308,3307.9,3308,3307.9,4.19800017
2018-12-14 19:54:00,3307.9,3307.9,3308,3307.9,1.81608546
2018-12-14 19:55:00,3308,3308.4,3308.4,3307.9,6.98812583
2018-12-14 19:56:00,3308.4,3310,3310,3308.4,14.62200467
2018-12-14 19:57:00,3310,3318.9,3324.2,3310,69.08085435
2018-12-14 19:58:00,3319,3312.7,3324.19151774,3312.1,12.86471489
2018-12-14 19:59:00,3313.7,3313.8,3313.8,3313.7,1.03659345
2018-12-14 20:00:00,3313.7,3312.31657781,3313.7,3312.3,6.17086134
2018-12-14 20:01:00,3312.3,3314.2,3316.2,3312.3,7.74336487
2018-12-14 20:02:00,3314.4,3314.3,3314.4,3314.3,1.606165
2018-12-14 20:03:00,3314.4,3314.3,3314.4,3314.3,0.9395055
2018-12-14 20:04:00,3314.4,3312.8,3314.4,3312.8,28.83040896
2018-12-14 20:05:00,3312,3311,3312,3310.4,2.35080932
2018-12-14 20:06:00,3310.7,3310,3311,3309.5,13.63880576
2018-12-14 20:07:00,3309.6,3309.5,3309.6,3309.3,10.29715167
2018-12-14 20:08:00,3309.5,3307.9,3309.5,3307.9,0.28556395
2018-12-14 20:09:00,3308.3,3312,3313,3308.3,16.566637
2018-12-14 20:10:00,3312,3311.998378,3312,3309.1,12.37349232
2018-12-14 20:11:00,3312,3312.9,3317.3,3312,7.83586441
2018-12-14 20:12:00,3314,3314.1,3314.1,3314,21.36755004
2018-12-14 20:13:00,3314,3306.6,3314,3305.5,3.91011096
2018-12-14 20:14:00,3309.8,3308.6,3309.8,3307,2.87939184
2018-12-14 20:15:00,3307,3306.6,3307,3306.6,0.48145248
2018-12-14 20:16:00,3306.7,3307.8,3307.8,3306.7,3.39
2018-12-14 20:17:00,3307.8550742,3310,3310,3307.8,2.40084304
2018-12-14 20:18:00,3309.8,3309.9,3310,3309.8,1.12297437
2018-12-14 20:19:00,3309.8,3309.8,3309.8826484,3307.8,0.970867
2018-12-14 20:20:00,3309.6181822,3307.2379864,3309.8826484,3303.3,10.56948314
2018-12-14 20:21:00,3307,3306.2,3309.4,3306.2,10.366
2018-12-14 20:22:00,3307.8,3308.3,3308.3,3306.2,0.20525
2018-12-14 20:23:00,3307.1,3306.5,3307.3,3306.5,2.47556262
2018-12-14 20:24:00,3307.2,3308,3308.2,3306.2,2.38891995
2018-12-14 20:25:00,3308.1,3308.1,3308.1,3308.1,0.973792
2018-12-14 20:26:00,3308.2,3311.5,3311.5,3308.2,7.96680453
2018-12-14 20:27:00,3311.4,3312.9,3312.9,3311.4,7.65286774
2018-12-14 20:28:00,3312.9,3312.9,3312.9,3312.8,0.36899999
2018-12-14 20:29:00,3312.8,3312.9,3312.9,3312.8,0.034179
2018-12-14 20:30:00,3312.8,3312.9,3312.9,3312.8,0.659983
2018-12-14 20:31:00,3312.9,3315.5,3317.9,3312.9,4.93475625
2018-12-14 20:32:00,3315.6,3316.3,3319.9,3314.4,41.80832631
2018-12-14 20:33:00,3316.3,3317.7,3317.7,3314.5,4.58646075
2018-12-14 20:35:00,3317.6,3318.4,3319.44154177,3317.6,0.64230464
2018-12-14 20:36:00,3318.3,3318.8,3318.8,3316.1,1.9904
2018-12-14 20:37:00,3318.1,3318.76297377,3319.9,3317.1,3.01282409
2018-12-14 20:38:00,3317.5,3318.1,3318.76297377,3317.5,1.38010075
2018-12-14 20:39:00,3318.1,3318.5,3318.76297377,3317.4,0.87431
2018-12-14 20:40:00,3318.5,3318.4,3318.9,3318.4,0.31924809
2018-12-14 20:41:00,3318.1,3318.8,3318.9,3318.1,2.772708
2018-12-14 20:42:00,3318.9,3319.6,3319.9,3318.1,6.42334
2018-12-14 20:43:00,3319.7,3319.9,3319.9,3318.3,1.70374914
2018-12-14 20:44:00,3318.6,3318.5,3319.9,3318.5,0.80043314
2018-12-14 20:45:00,3319.9,3319.7,3319.9,3318.9,2.48627966
2018-12-14 20:46:00,3319.2,3319.9,3319.9,3319,6.306813
2018-12-14 20:47:00,3319.9,3315.14394446,3319.9,3315.14394446,10.296458
2018-12-14 20:48:00,3318.5,3314.6,3318.5,3314.5,12.68722826
2018-12-14 20:49:00,3314.6,3313.1,3314.9,3313.1,2.16346346
2018-12-14 20:50:00,3310.4,3312.5,3313.2,3310.4,6.31228008
2018-12-14 20:51:00,3312.6,3312.6,3312.6,3312.5,2.05454138
2018-12-14 20:52:00,3312.6,3313.4,3314.91775513,3312.6,6.397617
2018-12-14 20:53:00,3313.4,3312.5,3313.4,3312.5,0.086167
2018-12-14 20:54:00,3314,3313.5,3314,3311.52491515,1.49816078
2018-12-14 20:55:00,3313.8,3314,3314.7,3313.8,0.04140491
2018-12-14 20:56:00,3314.7,3315.3,3318.3,3314.3,16.42883676
2018-12-14 20:57:00,3317,3316,3317.3,3315,3.45215536
2018-12-14 20:58:00,3316.9,3313.2,3317.29274311,3313.1,1.18080583
2018-12-14 20:59:00,3315.2,3314,3315.2,3314,0.125401
2018-12-14 21:00:00,3314.3,3314,3315.2,3313.8,3.56906755
2018-12-14 21:01:00,3314.1,3312.6,3316.27489112,3312.6,2.01683994
2018-12-14 21:02:00,3312.9,3310.73325248,3315.1,3310,9.24376762
2018-12-14 21:03:00,3313.6,3313.4,3314,3313.4,0.753311
2018-12-14 21:04:00,3312.31657781,3312.3,3312.6,3312.1,0.043188
2018-12-14 21:05:00,3313.44752447,3312.1,3313.6,3312.1,0.1181199
2018-12-14 21:06:00,3311,3311,3311.1,3311,0.03
2018-12-14 21:07:00,3311.52491515,3311,3313.6,3311,4.98866822
2018-12-14 21:08:00,3311,3310,3311,3310,0.25170485
2018-12-14 21:09:00,3310.1,3304.8,3310.1,3300,522.30557804
2018-12-14 21:10:00,3304.8,3305.4,3306.1,3304.8,0.27393474
2018-12-14 21:11:00,3305.8,3308.9,3309,3305.8,1.05494982
2018-12-14 21:12:00,3309,3311.1,3311.4,3309,10.75279737
2018-12-14 21:13:00,3311.1,3308.1,3311.1,3308.1,17.68825703
2018-12-14 21:14:00,3308.3,3308.1,3308.3,3308.1,0.025621
2018-12-14 21:15:00,3308.1,3308,3308.2,3308,0.18320624
2018-12-14 21:16:00,3308,3308,3308,3308,0.045772
2018-12-14 21:17:00,3308.1,3304.9,3308.1,3304.8,4.19576
2018-12-14 21:18:00,3305.3,3302,3306.6,3302,3.41245661
2018-12-14 21:19:00,3303.6,3303.6,3303.8,3303.5,1.84009351
2018-12-14 21:20:00,3303.7,3302.1,3303.7,3302,11.59737267
2018-12-14 21:21:00,3302.2,3303.4,3306.8,3302.2,11.20740112
2018-12-14 21:22:00,3304.945946,3306.4,3308,3304.4,5.87600049
2018-12-14 21:23:00,3306.5,3306.4,3308.1,3306.4,0.805181
2018-12-14 21:24:00,3306.5,3306.4,3306.5,3306.4,2.31066099
2018-12-14 21:25:00,3306.4,3306.4,3308.5,3306.4,1.115472
2018-12-14 21:26:00,3306.4,3304,3306.4445878,3303.9,1.136257
2018-12-14 21:27:00,3304,3304.8,3308.8,3304,4.51772591
2018-12-14 21:28:00,3305.5630338,3304.2,3306.4,3304.2,1.94290059
2018-12-14 21:29:00,3304.1,3303.9,3306.4,3303.9,3.41261951
2018-12-14 21:30:00,3303.9,3304.1,3304.1,3303.9,0.40432759
2018-12-14 21:31:00,3304,3304.5,3304.5,3302.5,0.93916709
2018-12-14 21:32:00,3304.5,3303.8,3306.4,3303.26900453,3.398967
2018-12-14 21:33:00,3303.9,3305.7,3305.8,3303.9,0.45869698
2018-12-14 21:34:00,3305.7,3305.8,3305.8,3305.7,0.10412721
2018-12-14 21:35:00,3305.7,3305.7,3305.8,3303.38209919,0.57872156
2018-12-14 21:36:00,3305.7,3305.7,3305.8,3305.7,0.457721
2018-12-14 21:37:00,3305.8,3305.7,3306.5,3305.7,3.497186
2018-12-14 21:38:00,3306,3305.7,3306.09637118,3305.7,0.17226891
2018-12-14 21:39:00,3305.9,3305.7,3305.9,3305.7,0.46246798
2018-12-14 21:40:00,3305.8,3305.6,3305.8,3305.6,0.37331721
2018-12-14 21:41:00,3305.4,3306,3306,3305.4,0.32999503
2018-12-14 21:42:00,3305.7,3305.4,3307.8,3305.4,3.376898
2018-12-14 21:43:00,3305.4748784,3303.4,3305.4748784,3303.4,1.7658525
2018-12-14 21:44:00,3303.4,3304.1,3304.4,3303.4,0.79980512
2018-12-14 21:45:00,3304.28685652,3309.8,3310.6,3304.28685652,18.6665535
2018-12-14 21:46:00,3309.9,3309.4,3309.9,3309.1,2.09818021
2018-12-14 21:47:00,3309.5,3308.8,3311,3308.6,5.79323587
2018-12-14 21:48:00,3309.7,3308.8,3314.4,3308.8,7.13577941
2018-12-14 21:49:00,3308.8,3308.9,3308.9,3307.2,0.18503794
2018-12-14 21:50:00,3307.4,3308.5,3308.5,3307.4,0.19342604
2018-12-14 21:51:00,3309.14992716,3309.6,3311,3309.14992716,0.53927655
2018-12-14 21:52:00,3309.6,3309.6,3309.6,3309.2,3.46052655
2018-12-14 21:53:00,3309,3307.4,3309,3307.4,0.26092465
2018-12-14 21:54:00,3307.8,3307.1,3309.1,3307.1,3.15656159
2018-12-14 21:55:00,3308.1,3307.1,3308.1,3307,0.3902218
2018-12-14 21:56:00,3307.1,3309.1,3309.1,3307.1,1.49371841
2018-12-14 21:57:00,3307.7,3307.2,3310.4,3307.2,4.92148067
2018-12-14 21:58:00,3307.5,3307.4,3309.3,3307.4,0.872557
2018-12-14 21:59:00,3308.1,3308.7,3308.7,3308.1,0.030967
2018-12-14 22:00:00,3308.2,3308.7,3309.3,3307.4,0.56343019
2018-12-14 22:01:00,3307.7,3309,3309,3307.7,0.07354749
2018-12-14 22:02:00,3308.7,3309,3309.3,3308.7,3.419409
2018-12-14 22:03:00,3309.1,3309.3,3309.3,3309.1,1.08631076
2018-12-14 22:04:00,3309.2,3309.2,3309.3,3309.2,0.04381158
2018-12-14 22:05:00,3309.2,3309.3,3309.3,3309.2,0.11634866
2018-12-14 22:06:00,3310.4,3310.6,3310.6,3310.4,0.03669274
2018-12-14 22:07:00,3310.8,3311,3313.44752447,3310.8,2.295099
2018-12-14 22:08:00,3311,3311,3311,3311,0.005639
2018-12-14 22:09:00,3311.1,3311,3311.1,3311,0.621612
2018-12-14 22:10:00,3311,3311,3311.1,3311,0.031552
2018-12-14 22:11:00,3311,3311,3311,3311,0.006082
2018-12-14 22:12:00,3311.07253648,3309.5,3313.1,3309,4.223703
2018-12-14 22:13:00,3311,3310.9,3311.9,3309.5,1.240149
2018-12-14 22:14:00,3310,3309.4,3310.9,3309.4,1.1668758
2018-12-14 22:15:00,3309.5,3309.6,3309.6,3309.5,0.04420025
2018-12-14 22:16:00,3309.6,3305.2,3309.6,3304.4,8.50037267
2018-12-14 22:17:00,3305.4,3305.3,3305.4,3305.2,3.23952506
2018-12-14 22:18:00,3306,3305.1,3306,3305.1,1.61876524
2018-12-14 22:19:00,3304.7,3305.9,3305.9,3304.7,0.4910351
2018-12-14 22:20:00,3304.5,3304.5,3305.3,3304.5,2.035271
2018-12-14 22:21:00,3304.5,3304.5,3304.5,3304.5,0.020249
2018-12-14 22:22:00,3304.5,3304.6,3305.9,3304.5,1.990015
2018-12-14 22:23:00,3305.6,3305.9,3305.9,3305.5,0.865
2018-12-14 22:24:00,3306,3313,3314.9,3305.7,10.02273378
2018-12-14 22:25:00,3312.8,3312.3,3312.8,3312.3,7.2398877
2018-12-14 22:26:00,3312.3,3313.2,3319,3311.3,33.099114
2018-12-14 22:27:00,3314.69156579,3319,3319,3313.7,6.663
2018-12-14 22:28:00,3314.8,3317.3,3320,3314.8,18.14873441
2018-12-14 22:29:00,3316.3,3315.8,3317.2,3315.8,1.43485939
2018-12-14 22:30:00,3314,3307.9,3314,3306.8,11.65134186
2018-12-14 22:31:00,3308.1,3309.8,3314.9,3308.1,10.618576
2018-12-14 22:32:00,3309.8,3310.9,3314.1,3309.5,2.575
2018-12-14 22:33:00,3310.9,3312.2,3313,3310.16777915,0.41499997
2018-12-14 22:35:00,3309.5,3304.4,3309.5,3304.4,10.52790302
2018-12-14 22:36:00,3304.4,3304.6,3304.6,3304.4,3.05
2018-12-14 22:37:00,3306.5,3306,3306.5,3304.4,2.4267273
2018-12-14 22:38:00,3306.1,3303.8,3306.1,3302,9.02006266
2018-12-14 22:39:00,3303.8,3302,3303.8,3302,15.66419587
2018-12-14 22:40:00,3303.7,3303.7,3303.8,3302,8.03
2018-12-14 22:41:00,3303.7,3303.8,3303.8,3303.7,0.06495933
2018-12-14 22:42:00,3303.7,3305.3,3305.3,3302,20.78585423
2018-12-14 22:43:00,3304.3,3302,3304.4,3302,8.11799998
2018-12-14 22:44:00,3302,3302,3302,3302,2.06188117
2018-12-14 22:45:00,3302,3302,3302.1,3302,137.95043185
2018-12-14 22:46:00,3302,3302,3302,3302,1.80867274
2018-12-14 22:47:00,3302.1,3301.6,3303.1,3300,112.78690931
2018-12-14 22:48:00,3301.7,3298.1,3303.1,3295.8,111.83741738
2018-12-14 22:49:00,3298.2,3299.64997522,3299.64997522,3296.3,14.7089
2018-12-14 22:50:00,3299.6,3299.7,3299.7,3299.6,1.36385386
2018-12-14 22:51:00,3299.7,3301.2,3301.2,3299.7,0.227594
2018-12-14 22:52:00,3301.4,3304.2,3304.4,3301.4,3.00035324
2018-12-14 22:53:00,3303.7,3303.8,3303.9,3303.7,0.52288108
2018-12-14 22:54:00,3303.8880812,3301.8,3303.8880812,3301.8,1.92419999
2018-12-14 22:55:00,3301.9,3302,3302,3301.9,0.05997
2018-12-14 22:56:00,3302,3301.8,3302,3301.8,0.10941209
2018-12-14 22:57:00,3302.6,3302.9183718,3302.9183718,3301.7,0.6834
2018-12-14 22:58:00,3302,3300.8,3302.2131286,3300.1,3.72783704
2018-12-14 22:59:00,3300,3300.097399,3300.097399,3300,0.5375587
2018-12-14 23:00:00,3300,3299.4,3300.5,3295.9,4.21012404
2018-12-14 23:01:00,3299.4,3300.2,3300.2,3298.4,2.242
2018-12-14 23:02:00,3299.9,3300,3302.59043653,3298.8,2.05890495
2018-12-14 23:03:00,3301.9,3302.1,3302.1,3299.8,0.98029812
2018-12-14 23:04:00,3302.1,3302.1,3302.1,3302.1,0.0515867
2018-12-14 23:05:00,3302.1,3302.4,3302.6,3301.7,1.37453
2018-12-14 23:06:00,3301.8,3301.4,3301.8,3301.4,0.18665498
2018-12-14 23:07:00,3301.9,3299.2,3302.6,3299.2,6.34981929
2018-12-14 23:08:00,3300,3299.3,3300,3299.2,0.71337224
2018-12-14 23:09:00,3299.3,3299.9,3299.9,3297,6.541
2018-12-14 23:10:00,3299.9,3299.9,3299.9,3299.9,0.629
2018-12-14 23:11:00,3299.9,3298.5,3299.9,3297.1,3.11137439
2018-12-14 23:12:00,3298.9,3298.8,3300,3298.7,2.073
2018-12-14 23:13:00,3298.8,3299.6,3299.6,3297.8,0.3819235
2018-12-14 23:14:00,3299.7,3298.9,3299.7,3298.9,0.13239421
2018-12-14 23:15:00,3298.9,3293.3,3298.9,3293.2,25.63386903
2018-12-14 23:16:00,3293.5,3293.99524192,3294.9,3293.4,0.9905818
2018-12-14 23:17:00,3294,3294.9,3296.2,3294,2.15470405
2018-12-14 23:18:00,3295.2,3295.5,3296.9,3294.9,0.67737481
2018-12-14 23:19:00,3295.7,3294.9,3296,3294.9,0.86338519
2018-12-14 23:20:00,3295,3294.9,3295,3294.9,0.26
2018-12-14 23:21:00,3294.9,3293.2,3294.9,3293.2,11.1253303
2018-12-14 23:22:00,3293.20357925,3292,3293.20357925,3292,14.69760644
2018-12-14 23:23:00,3292.1,3289.9,3292.1,3289.9,5.27057667
2018-12-14 23:24:00,3289.9,3288.8,3289.9,3288.8,5.22261634
2018-12-14 23:25:00,3288.8,3288.8,3288.8135078,3288.8,0.7755905
2018-12-14 23:26:00,3288.8,3288.8,3288.8135078,3288.8,1.20471686
2018-12-14 23:27:00,3288.8,3288.9,3288.9,3288.8,4.73498714
2018-12-14 23:28:00,3288.8,3290.9,3290.9,3288.8,11.16318271
2018-12-14 23:29:00,3290.9,3290.9,3291,3290.9,1.21314629
2018-12-14 23:30:00,3290.9,3291.9,3292,3290.9,3.51386885
2018-12-14 23:31:00,3292,3293.1,3293.1,3292,2.44469
2018-12-14 23:32:00,3293.4,3293.4,3293.4,3293.3975886,1.983
2018-12-14 23:33:00,3293.3,3293.4,3293.4,3293.3,4.931353
2018-12-14 23:34:00,3293.4,3293.9,3293.9,3293.3,13.18076848
2018-12-14 23:35:00,3293.9,3293.9,3294.2,3293.9,9.96534974
2018-12-14 23:36:00,3293.9,3293.4,3293.9,3293.4,0.67263841
2018-12-14 23:37:00,3293.7,3293.3,3295,3293.3,3.82124373
2018-12-14 23:38:00,3293.4,3293.8,3293.8,3293.3,8.46287182
2018-12-14 23:39:00,3293.3,3293.3,3293.7,3293.3,0.9862992
2018-12-14 23:40:00,3293.3,3293.3,3293.4,3293.3,0.88563569
2018-12-14 23:41:00,3293.4,3293.3,3293.4,3293.3,0.2621102
2018-12-14 23:42:00,3293.31667392,3289.4,3293.4,3287.2,34.02748811
2018-12-14 23:43:00,3289.3,3289.5,3289.5,3289.3,0.231
2018-12-14 23:44:00,3291.0173928,3291,3291.0173928,3291,3.53
2018-12-14 23:45:00,3290,3289.5,3290,3289.5,7.2113056
2018-12-14 23:46:00,3289.6,3290,3290,3289.5,10.755
2018-12-14 23:47:00,3290.03692861,3290,3290.1,3290,8.378
2018-12-14 23:48:00,3290,3290,3290,3290,0.267
2018-12-14 23:49:00,3290.1,3290,3290.1,3290,0.61745328
2018-12-14 23:50:00,3290,3294.9,3295,3290,15.32047678
2018-12-14 23:51:00,3294.9,3294.9,3295,3294.9,5.325
2018-12-14 23:52:00,3294.9,3295,3295,3294.9,5.88418972
2018-12-14 23:53:00,3295.5,3293.2,3295.5,3293.2,1.17435567
2018-12-14 23:54:00,3295.1,3295.12618858,3295.12618858,3294.8,0.486
2018-12-14 23:55:00,3295.12618858,3292.8,3295.12618858,3292.8,7.84083752
2018-12-14 23:56:00,3292.1,3292.5,3294.7,3292.1,1.87435643
2018-12-14 23:57:00,3292.9,3292.7,3292.9,3292.7,1.974
2018-12-14 23:58:00,3292.9,3293.2,3293.2,3292.9,0.736
2018-12-14 23:59:00,3293.8,3293.7,3293.8,3293.7,2.145
2018-12-15 00:00:00,3293.7,3293.7,3293.8,3293.7,0.81111596
2018-12-15 00:01:00,3293,3293,3293.1,3292.9,4.48744234
2018-12-15 00:02:00,3293.1,3293.3,3293.7,3293.1,5.82229713
2018-12-15 00:03:00,3293.2,3293,3293.2,3292.9,1.40553713
2018-12-15 00:04:00,3292.1,3292.5,3292.5,3292.1,2.7743896
2018-12-15 00:05:00,3292.8,3293.4,3293.4,3292.1,1.60447488
2018-12-15 00:06:00,3292.7805008,3292.9,3292.9,3292.7805008,0.12330896
2018-12-15 00:07:00,3292.9,3294.9,3295,3292.9,6.836
